License_Plate,Fuel_Serial_Number,Fuel_description,Fuel_Consumption_Outside_City,Fuel_Consumption_Combined,Fuel_Consumption_City,CO2_Emissions_Combined,Stationary_Noise_Level,Emission_Class,Environmental_Class_EC_Approval_(Light_Vehicles),Particle_Emissions_(Light_Vehicles),Net_Maximum_Power,Soot_Emissions,Noise_Level_RPM,Electric_Consumption_Pure_Electric_WLTP,Range_Pure_Electric_WLTP,Range_Pure_Electric_City_WLTP,Net_Maximum_Electric_Power,Hybrid_Electric_Vehicle_Class,Exhaust_Emission_Level,Brand,Trade_Name,Vehicle_Inspection_Expiry_Date,Date_of_Registration,Gross_Vehicle_Tax,Vehicle_body_type,Number_of_Seats,First_color,Number_of_Cylinders,Engine_Displacement,Curb_Weight,Maximum_Allowed_Vehicle_Mass,Fully_equipped_weight,Maximum_Unbraked_Towing_Capacity,Maximum_Braked_Towing_Capacity,Date_of_First_Registration,Date_of_First_Registration_in_the_Netherlands,Catalog_Price,Dutch_Liability_Insured,Number_of_Doors,Length,Width,Technical_Maximum_Vehicle_Mass,Type,Type_of_gas_installation,Variant,Configuration,Change_Serial_Number_EU_Type_Approval,Power_at_Mass_Ready_to_Drive,Wheelbase,Export_Indicator,Open_Recall_indicator,Maximum_Composition_Mass,Number_of_Wheelchair_Places,Maximum_Supporting_Speed,Year_of_Last_Odometer_Reading_Registration,Odometer_Mileage_Judgment,Odometer_Judgment_Code_Explanation,Eligible_for_Registration,Fuel_Efficiency_Classification,Special_Feature_Serial_Number,Special_Feature_Code,Special_Feature_Code_Description,Report_Date_by_Inspection_Authority,Report_Time_by_Inspection_Authority,Identified_Defects,Report_Date_by_Inspection_Authority_DATETIME,Defect Description,Defect Category
4SRX97,1,Gasoline,10.5,14.9,22.6,350.0,82.0,6,715/2007*630/2012W,0.00042,400.0,0.34,3750.0,0.0,0.0,0.0,0.0,0,EURO 6 W,BMW,760LI,20260106,20140106.0,63465.0,Sedan,4.0,Blue,12.0,5972.0,3725.0,4200.0,3825.0,750.0,2000.0,20140106.0,20140106.0,133087.0,Yes,4.0,522.0,0.0,4200.0,7L,No installation,HP41,6A040000,0.0,0.1,321.0,No,No,0.0,0.0,0.0,2024.0,Logical,00,Yes,G,1,61,Taxi - designed for the transport of a maximum of persons other than the driver.,1970-01-01 00:00:00.000000000,0,0,2023-07-12 16:12:00,,
G071BH,1,Gasoline,9.2,11.6,15.7,270.0,87.0,6,715/2007*195/2013W,0.00072,330.0,0.34,3750.0,0.0,0.0,0.0,0.0,0,EURO 6 W,BMW,X5 XDRIVE50I,20250825,20220825.0,34889.0,Station wagon,4.0,Gray,8.0,4395.0,2955.0,3440.0,3055.0,750.0,3500.0,20190821.0,20190821.0,150986.0,Yes,4.0,489.0,194.0,3440.0,X5,No installation,KR61,6A27000K,UNK,0.11,293.0,No,No,6670.0,0.0,0.0,2024.0,Logical,00,Yes,G,1,61,Taxi - designed for the transport of a maximum of persons other than the driver.,1970-01-01 00:00:00.000000000,0,0,2023-07-12 16:12:00,,
SR369S,1,Gasoline,7.8,9.7,13.0,226.0,87.0,6,715/2007*136/2014W,0.00067,330.0,0.34,3750.0,0.0,0.0,0.0,0.0,0,EURO 6 W,BMW,X5 XDRIVE50I,20250824,20230824.0,41851.0,Station wagon,7.0,Gray,8.0,4395.0,2150.0,3070.0,2250.0,750.0,3500.0,20180524.0,20180524.0,157978.0,Yes,4.0,489.0,0.0,3070.0,X5,No installation,KR61,6A27000K,0.0,0.15,293.0,No,No,6670.0,0.0,0.0,2024.0,Logical,00,Yes,G,1,61,Taxi - designed for the transport of a maximum of persons other than the driver.,1970-01-01 00:00:00.000000000,0,0,2023-07-12 16:12:00,,
TH709V,1,Gasoline,9.1,11.4,15.5,267.0,87.0,6,715/2007*195/2013W,0.00072,330.0,0.34,3750.0,0.0,0.0,0.0,0.0,0,EURO 6 W,BMW,X5 XDRIVE50I,20250823,20181114.0,36029.0,Station wagon,5.0,Blue,8.0,4395.0,2655.0,3260.0,2755.0,750.0,3500.0,20180823.0,20180823.0,91488.0,Yes,4.0,489.0,0.0,3260.0,X5,No installation,KR61,6A0500P6,0.0,0.12,293.0,No,No,0.0,0.0,0.0,2024.0,Logical,00,Yes,G,1,61,Taxi - designed for the transport of a maximum of persons other than the driver.,1970-01-01 00:00:00.000000000,0,0,2023-07-12 16:12:00,,
N118GK,1,Gasoline,7.7,10.0,14.0,231.0,93.0,6,715/2007*2018/1832AP,0.00042,390.0,0.34,3750.0,0.0,0.0,0.0,0.0,0,EURO 6 AP,BMW,M550I XDRIVE,20250824,20230824.0,38650.0,Sedan,5.0,Gray,8.0,4395.0,1890.0,2560.0,1990.0,750.0,2000.0,20211004.0,20211004.0,183004.0,Yes,4.0,497.0,187.0,2560.0,G5L,No installation,11BK,IAW50000,0.0,0.2,298.0,No,No,4560.0,0.0,0.0,2024.0,Logical,00,Yes,G,1,61,Taxi - designed for the transport of a maximum of persons other than the driver.,1970-01-01 00:00:00.000000000,0,0,2023-07-12 16:12:00,,
H173SN,1,Diesel,8.4,8.9,9.6,233.0,81.0,6,UNK,0.00042,140.0,0.34,2850.0,0.0,0.0,0.0,0.0,0,EURO VI D,BUSCONCEPT,SPRINTER,20250312,20200429.0,49396.0,Wheelchair-accessible vehicle,9.0,Black,6.0,2987.0,2548.0,3500.0,2648.0,750.0,2000.0,20191217.0,20200429.0,77731.0,Yes,4.0,593.0,202.0,3500.0,906BB35,No installation,UNK,UNK,UNK,0.05,367.0,No,Yes,5500.0,1.0,0.0,2024.0,No Judgment,05,Yes,UNK,1,62,Taxi - see approval document.,1970-01-01 00:00:00.020230116,1650,AC1,2023-01-16 16:50:00,Tire(s) available with a tread depth of 1.6 to 2.5 mm,Suspension and Wheels
72NXZ9,1,Diesel,7.1,8.8,11.8,233.0,79.0,4,70/220*2003/76B,0.002,120.0,0.5,2820.0,0.0,0.0,0.0,0.0,0,EURO 4,CHRYSLER,GRAND VOYAGER,20250104,20191127.0,19576.0,Multi-Purpose Vehicle,7.0,Blue,4.0,2777.0,2075.0,2775.0,2175.0,450.0,1600.0,20110103.0,20110103.0,48980.0,Yes,4.0,514.0,0.0,2775.0,RT,No installation,C5DF9,A7MD3A,0.0,0.06,308.0,No,Yes,4375.0,0.0,0.0,2023.0,Logical,00,Yes,D,1,62,Taxi - see approval document.,1970-01-01 00:00:00.020211110,1526,178,2021-11-10 15:26:00,Drive shaft dust cover damaged and not sealing,Steering System
22TJJ8,1,Diesel,5.4,6.4,8.0,166.0,86.0,5,715/2007*692/2008G,0.0007,85.0,0.51,2812.0,0.0,0.0,0.0,0.0,0,EURO 5 G,FIAT,FIAT DUCATO,20250206,20240926.0,12694.0,Multi-Purpose Vehicle,9.0,Gray,4.0,1956.0,2120.0,3000.0,2220.0,750.0,2500.0,20120208.0,20120208.0,34977.0,No,4.0,496.0,0.0,3000.0,250,No installation,ARMRA,72,0.0,0.04,300.0,Yes,No,5500.0,0.0,0.0,2024.0,Logical,00,No,A,1,62,Taxi - see approval document.,1970-01-01 00:00:00.020221114,1646,391,2022-11-14 16:46:00,Windshield wiper system provides insufficient visibility,Windows and Visibility
95TJG8,1,Diesel,6.0,7.0,8.6,182.0,86.0,5,715/2007*692/2008G,0.0007,85.0,0.51,2812.0,0.0,0.0,0.0,0.0,0,EURO 5 G,FIAT,FIAT DUCATO,20250905,20180120.0,17944.0,Multi-Purpose Vehicle,9.0,Gray,4.0,1956.0,2175.0,3150.0,2275.0,750.0,2500.0,20120222.0,20120222.0,48479.0,Yes,3.0,496.0,0.0,3150.0,250,No installation,ARMPA,73,0.0,0.04,300.0,No,No,5650.0,0.0,0.0,2024.0,Logical,00,Yes,A,1,62,Taxi - see approval document.,1970-01-01 00:00:00.000000000,0,0,2023-07-12 16:12:00,,
G156JS,1,CNG,11.2,13.1,16.3,234.0,80.0,6,715/2007*136/2014Y,0.00042,100.0,0.34,2625.0,0.0,0.0,0.0,0.0,0,EURO 6 Y,FIAT,FIAT DUCATO,20250929,20191003.0,13012.0,Wheelchair-accessible vehicle,9.0,White,4.0,2999.0,2779.0,3500.0,2879.0,750.0,2500.0,20190906.0,20190906.0,58895.0,Yes,4.0,600.0,205.0,3500.0,250,Factory-installed gas installation,CWMRB,HX9M,UNK,0.03,404.0,No,No,6000.0,3.0,0.0,2024.0,Logical,00,Yes,D,1,62,Taxi - see approval document.,1970-01-01 00:00:00.000000000,0,0,2023-07-12 16:12:00,,
G264VS,1,CNG,12.0,14.0,17.0,246.0,81.0,6,595/2009*2018/932D,0.00042,100.0,0.34,2625.0,0.0,0.0,0.0,0.0,0,EURO VI D,FIAT,FIAT DUCATO,20250104,20191213.0,49971.0,Multi-Purpose Vehicle,9.0,White,4.0,2998.0,2490.0,3500.0,2590.0,750.0,2500.0,20191213.0,20191213.0,96489.0,Yes,4.0,541.0,205.0,3500.0,250,Factory-installed gas installation,CHNRB,HW9M,0.0,0.04,345.0,No,No,6000.0,0.0,0.0,2023.0,Logical,00,Yes,E,1,62,Taxi - see approval document.,1970-01-01 00:00:00.000000000,0,0,2023-07-12 16:12:00,,
G683SG,1,CNG,11.2,13.1,16.3,234.0,80.0,6,715/2007*136/2014Y,0.00042,100.0,0.34,2625.0,0.0,0.0,0.0,0.0,0,EURO 6 Y,FIAT,FIAT DUCATO,20230922,20191119.0,13231.0,Wheelchair-accessible vehicle,9.0,White,4.0,2999.0,2791.0,3500.0,2891.0,750.0,2500.0,20190917.0,20190917.0,59816.0,No,4.0,600.0,205.0,3500.0,250,Factory-installed gas installation,CWMRB,HX9M,UNK,0.03,404.0,No,Yes,6000.0,3.0,0.0,2022.0,Logical,00,Yes,D,1,62,Taxi - see approval document.,1970-01-01 00:00:00.020220920,1507,355,2022-09-20 15:07:00,Braking delay / parking brake braking effect insufficient,Brake
G970VJ,1,CNG,11.2,13.1,16.3,234.0,80.0,6,715/2007*136/2014Y,0.00042,100.0,0.34,2625.0,0.0,0.0,0.0,0.0,0,EURO 6 Y,FIAT,FIAT DUCATO,20230919,20191205.0,13231.0,Wheelchair-accessible vehicle,9.0,White,4.0,2999.0,2708.0,3500.0,2808.0,750.0,2500.0,20190917.0,20190917.0,59816.0,No,3.0,600.0,205.0,3500.0,250,Factory-installed gas installation,CWMRB,HX9M,UNK,0.04,404.0,No,No,6000.0,3.0,0.0,2022.0,Logical,00,Yes,D,1,143,The seat mounting points of this vehicle have been modified and approved.,1970-01-01 00:00:00.000000000,0,0,2023-07-12 16:12:00,,
GB719X,1,Diesel,5.4,6.4,8.0,166.0,86.0,5,715/2007*195/2013K,0.0007,85.0,0.51,2812.0,0.0,0.0,0.0,0.0,0,EURO 5 K,FIAT,FIAT DUCATO,20220504,20220601.0,17757.0,Multi-Purpose Vehicle,9.0,White,4.0,1956.0,1910.0,3300.0,2010.0,750.0,2000.0,20150504.0,20150504.0,47910.0,Yes,4.0,496.0,0.0,3300.0,250,No installation,BRMRA,GY9M,0.0,0.04,300.0,No,No,5300.0,0.0,0.0,2022.0,Logical,00,Yes,A,1,62,Taxi - see approval document.,1970-01-01 00:00:00.000000000,0,0,2023-07-12 16:12:00,,
GD739N,1,Diesel,5.4,6.4,8.1,168.0,84.0,5,715/2007*195/2013K,0.0004,96.0,0.52,2700.0,0.0,0.0,0.0,0.0,0,EURO 5 K,FIAT,FIAT DUCATO,20250507,20221122.0,18363.0,Multi-Purpose Vehicle,9.0,White,4.0,2287.0,1925.0,3000.0,2025.0,750.0,2500.0,20150504.0,20150504.0,50210.0,Yes,4.0,496.0,0.0,3000.0,250,No installation,AMARA,GY9M,0.0,0.05,300.0,No,No,5500.0,0.0,0.0,2024.0,Logical,00,Yes,A,1,62,Taxi - see approval document.,1970-01-01 00:00:00.020220502,1409,357,2022-05-02 14:09:00,Parking brake does not work on 2 wheels,Brake
H543GD,1,CNG,11.2,13.1,16.3,234.0,80.0,6,715/2007*136/2014Y,0.00042,100.0,0.34,2625.0,0.0,0.0,0.0,0.0,0,EURO 6 Y,FIAT,FIAT DUCATO,20231017,20200117.0,13231.0,Wheelchair-accessible vehicle,9.0,White,4.0,2999.0,2761.0,3500.0,2861.0,750.0,2500.0,20191125.0,20191125.0,59816.0,No,4.0,600.0,205.0,3500.0,250,Factory-installed gas installation,CWMRB,HX9M,UNK,0.03,404.0,No,No,6000.0,3.0,0.0,2022.0,Logical,00,Yes,D,1,62,Taxi - see approval document.,1970-01-01 00:00:00.020221017,1120,AC1,2022-10-17 11:20:00,Tire(s) available with a tread depth of 1.6 to 2.5 mm,Suspension and Wheels
H798BN,1,CNG,11.2,13.1,16.3,234.0,80.0,6,715/2007*136/2014Y,0.00042,100.0,0.34,2625.0,0.0,0.0,0.0,0.0,0,EURO 6,FIAT,FIAT DUCATO,20220923,20191223.0,13231.0,Wheelchair-accessible vehicle,9.0,White,4.0,2999.0,2657.0,3500.0,2757.0,750.0,2500.0,20190917.0,20190917.0,59816.0,No,4.0,600.0,205.0,3500.0,250,Factory-installed gas installation,CWMRB,HX9M,UNK,0.04,404.0,No,Yes,6000.0,3.0,0.0,2021.0,Logical,00,Yes,D,1,62,Taxi - see approval document.,1970-01-01 00:00:00.000000000,0,0,2023-07-12 16:12:00,,
KS791F,1,CNG,11.2,13.1,16.3,234.0,80.0,6,715/2007*136/2014W,0.00042,100.0,0.34,2625.0,0.0,0.0,0.0,0.0,0,EURO 6 W,FIAT,FIAT DUCATO,20251129,20161129.0,41809.0,Multi-Purpose Vehicle,9.0,White,4.0,2999.0,2635.0,3500.0,2735.0,750.0,2500.0,20161129.0,20161129.0,84274.0,Yes,4.0,541.0,205.0,3500.0,250,Factory-installed gas installation,CWMRB,HX9M,0.0,0.04,345.0,No,No,6000.0,0.0,0.0,2024.0,Logical,00,Yes,D,1,62,Taxi - see approval document.,1970-01-01 00:00:00.020211115,1016,AC4,2021-11-15 10:16:00,Steering or ball joint with wear less than or equal to 1.0 mm,Suspension and Wheels
NL711P,1,CNG,11.2,13.1,16.3,234.0,80.0,6,715/2007*136/2014W,0.00042,100.0,0.34,2625.0,0.0,0.0,0.0,0.0,0,EURO 6 W,FIAT,FIAT DUCATO,20250210,20191202.0,44815.0,Multi-Purpose Vehicle,9.0,White,4.0,2999.0,2460.0,3500.0,2560.0,750.0,3000.0,20170316.0,20170316.0,57777.0,Yes,4.0,541.0,205.0,3500.0,250,Factory-installed gas installation,DWMRB,HX9M,0.0,0.04,345.0,No,No,6500.0,0.0,0.0,2024.0,Logical,00,Yes,D,1,62,Taxi - see approval document.,1970-01-01 00:00:00.020230112,1405,205,2023-01-12 14:05:00,Tire insufficient profile,Suspension and Wheels
NP939D,1,CNG,11.2,13.1,16.3,234.0,80.0,6,715/2007*136/2014W,0.00042,100.0,0.34,2625.0,0.0,0.0,0.0,0.0,0,EURO 6 W,FIAT,FIAT DUCATO,20251031,20230407.0,44815.0,Wheelchair-accessible vehicle,8.0,White,4.0,2999.0,2858.0,3500.0,2958.0,750.0,3000.0,20170320.0,20170320.0,57777.0,Yes,4.0,541.0,205.0,3500.0,250,Factory-installed gas installation,DWMRB,HX9M,0.0,0.03,345.0,No,No,6500.0,3.0,0.0,2024.0,Logical,00,Yes,D,1,62,Taxi - see approval document.,1970-01-01 00:00:00.020241031,1238,RA4,2024-10-31 12:38:00,Tire pressure monitoring system warning device,Suspension and Wheels
P007JG,1,Electricity,0.0,0.0,0.0,0.0,0.0,Z,715/2007*2018/1832AX,0.0,0.0,0.0,0.0,334.0,272.0,362.0,90.0,OVC-HEV,AX,FIAT,FIAT DUCATO,20250321,20220321.0,0.0,Wheelchair-accessible vehicle,6.0,Gray,0.0,0.0,2945.0,3500.0,3045.0,0.0,0.0,20220321.0,20220321.0,97671.0,Yes,4.0,541.0,205.0,3500.0,250,No installation,UNK,UNK,UNK,0.02,345.0,No,No,3500.0,2.0,0.0,2024.0,Logical,00,Yes,UNK,1,62,Taxi - see approval document.,1970-01-01 00:00:00.020230301,947,398,2023-03-01 09:47:00,Mirror or visual field-enhancing device missing,Windows and Visibility
PG838X,1,CNG,11.2,13.1,16.3,234.0,80.0,6,715/2007*136/2014W,0.00042,100.0,0.34,2625.0,0.0,0.0,0.0,0.0,0,EURO 6 W,FIAT,FIAT DUCATO,20250630,20240927.0,44815.0,Multi-Purpose Vehicle,9.0,White,4.0,2999.0,2420.0,3500.0,2520.0,750.0,2500.0,20170630.0,20170630.0,88369.0,Yes,4.0,541.0,205.0,3500.0,250,Factory-installed gas installation,CWMRB,HX9M,0.0,0.04,345.0,Yes,No,6000.0,0.0,0.0,2024.0,Illogical,04,No,D,1,62,Taxi - see approval document.,1970-01-01 00:00:00.020220603,1109,AC4,2022-06-03 11:09:00,Steering or ball joint with wear less than or equal to 1.0 mm,Suspension and Wheels
R071PJ,1,Electricity,0.0,0.0,0.0,0.0,0.0,Z,715/2007*2018/1832AX,0.0,0.0,0.0,0.0,333.0,273.0,364.0,90.0,OVC-HEV,AX,FIAT,FIAT DUCATO,20251021,20221021.0,0.0,Wheelchair-accessible vehicle,6.0,White,0.0,0.0,2976.0,3500.0,3076.0,0.0,0.0,20221021.0,20221021.0,91203.0,Yes,4.0,541.0,205.0,3500.0,250,No installation,UNK,UNK,UNK,0.02,345.0,No,No,3500.0,2.0,0.0,2024.0,Logical,00,Yes,UNK,1,62,Taxi - see approval document.,1970-01-01 00:00:00.020231013,1141,210,2023-10-13 11:41:00,Tire pressure not at correct value,Suspension and Wheels
R113GL,1,Electricity,0.0,0.0,0.0,0.0,0.0,Z,715/2007*2018/1832AX,0.0,0.0,0.0,0.0,333.0,273.0,364.0,90.0,OVC-HEV,AX,FIAT,FIAT DUCATO,20250911,20220822.0,0.0,Wheelchair-accessible vehicle,6.0,White,0.0,0.0,3016.0,3500.0,3116.0,0.0,0.0,20220822.0,20220822.0,91203.0,Yes,4.0,541.0,205.0,3500.0,250,No installation,UNK,UNK,UNK,0.02,345.0,No,No,3500.0,2.0,0.0,2024.0,Logical,00,Yes,UNK,1,62,Taxi - see approval document.,1970-01-01 00:00:00.020230906,1336,205,2023-09-06 13:36:00,Tire insufficient profile,Suspension and Wheels
R132GL,1,Electricity,0.0,0.0,0.0,0.0,0.0,Z,715/2007*2018/1832AX,0.0,0.0,0.0,0.0,333.0,273.0,364.0,90.0,OVC-HEV,AX,FIAT,FIAT DUCATO,20250822,20220822.0,0.0,Wheelchair-accessible vehicle,6.0,White,0.0,0.0,3021.0,3500.0,3121.0,0.0,0.0,20220822.0,20220822.0,91203.0,Yes,4.0,541.0,205.0,3500.0,250,No installation,UNK,UNK,UNK,0.02,345.0,No,No,3500.0,2.0,0.0,2024.0,Logical,00,Yes,UNK,1,62,Taxi - see approval document.,1970-01-01 00:00:00.020240813,954,507,2024-08-13 09:54:00,"Low beam, high beam not working (properly)",Lighting System
R393JR,1,Electricity,0.0,0.0,0.0,0.0,0.0,Z,715/2007*2018/1832AX,0.0,0.0,0.0,0.0,333.0,272.0,363.0,90.0,OVC-HEV,AX,FIAT,FIAT DUCATO,20250915,20220915.0,0.0,Wheelchair-accessible vehicle,6.0,White,0.0,0.0,2986.0,3500.0,3086.0,0.0,0.0,20220915.0,20220915.0,91203.0,Yes,4.0,541.0,209.0,3500.0,250,No installation,UNK,UNK,UNK,0.02,345.0,No,No,3500.0,2.0,0.0,2024.0,Logical,00,Yes,UNK,1,62,Taxi - see approval document.,1970-01-01 00:00:00.020240725,1012,516,2024-07-25 10:12:00,Low beam incorrectly adjusted,Lighting System
RB795D,1,CNG,11.2,13.1,16.3,234.0,80.0,6,715/2007*136/2014W,0.00042,100.0,0.34,2625.0,0.0,0.0,0.0,0.0,0,EURO 6 W,FIAT,FIAT DUCATO,20241111,20171101.0,44815.0,Multi-Purpose Vehicle,9.0,White,4.0,2999.0,2690.0,3500.0,2790.0,750.0,2500.0,20171101.0,20171101.0,89512.0,Yes,4.0,541.0,205.0,3500.0,250,Factory-installed gas installation,CWMPB,HX9,0.0,0.04,345.0,No,No,0.0,0.0,0.0,2023.0,Logical,00,Yes,D,1,62,Taxi - see approval document.,1970-01-01 00:00:00.020211103,1437,205,2021-11-03 14:37:00,Tire insufficient profile,Suspension and Wheels
S262FX,1,Electricity,0.0,0.0,0.0,0.0,0.0,Z,715/2007*2018/1832AX,0.0,0.0,0.0,0.0,333.0,273.0,364.0,90.0,OVC-HEV,AX,FIAT,FIAT DUCATO,20241230,20221230.0,0.0,Wheelchair-accessible vehicle,6.0,White,0.0,0.0,2887.0,3500.0,2987.0,0.0,0.0,20221230.0,20221230.0,89104.0,Yes,4.0,541.0,205.0,3500.0,250,No installation,UNK,UNK,UNK,0.02,345.0,No,No,3500.0,2.0,0.0,2023.0,Logical,00,Yes,UNK,1,62,Taxi - see approval document.,1970-01-01 00:00:00.000000000,0,0,2023-07-12 16:12:00,,
S415NV,1,Electricity,0.0,0.0,0.0,0.0,0.0,Z,715/2007*2018/1832AX,0.0,0.0,0.0,0.0,333.0,273.0,364.0,90.0,OVC-HEV,AX,FIAT,FIAT DUCATO,20250315,20230306.0,0.0,Wheelchair-accessible vehicle,6.0,White,0.0,0.0,2896.0,3500.0,2996.0,0.0,0.0,20230306.0,20230306.0,91203.0,Yes,4.0,541.0,205.0,3500.0,250,No installation,UNK,UNK,UNK,0.02,345.0,No,No,3500.0,2.0,0.0,2024.0,Logical,00,Yes,UNK,1,62,Taxi - see approval document.,1970-01-01 00:00:00.000000000,0,0,2023-07-12 16:12:00,,
S493FB,1,Electricity,0.0,0.0,0.0,0.0,0.0,Z,715/2007*2018/1832AX,0.0,0.0,0.0,0.0,333.0,273.0,364.0,90.0,OVC-HEV,AX,FIAT,FIAT DUCATO,20241227,20221227.0,0.0,Wheelchair-accessible vehicle,6.0,White,0.0,0.0,2831.0,3500.0,2931.0,0.0,0.0,20221227.0,20221227.0,89104.0,Yes,4.0,541.0,205.0,3500.0,250,No installation,UNK,UNK,UNK,0.02,345.0,No,No,3500.0,2.0,0.0,2023.0,Logical,00,Yes,UNK,1,62,Taxi - see approval document.,1970-01-01 00:00:00.000000000,0,0,2023-07-12 16:12:00,,
S674NH,1,Electricity,0.0,0.0,0.0,0.0,0.0,Z,715/2007*2018/1832AX,0.0,0.0,0.0,0.0,333.0,272.0,363.0,90.0,OVC-HEV,AX,FIAT,FIAT DUCATO,20250228,20230228.0,0.0,Wheelchair-accessible vehicle,6.0,White,0.0,0.0,2926.0,3500.0,3026.0,0.0,0.0,20230228.0,20230228.0,91203.0,Yes,4.0,541.0,205.0,3500.0,250,No installation,UNK,UNK,UNK,0.02,345.0,No,No,3500.0,2.0,0.0,2024.0,Logical,00,Yes,UNK,1,62,Taxi - see approval document.,1970-01-01 00:00:00.000000000,0,0,2023-07-12 16:12:00,,
S766SV,1,Electricity,0.0,0.0,0.0,0.0,0.0,Z,715/2007*2018/1832AX,0.0,0.0,0.0,0.0,333.0,272.0,363.0,90.0,OVC-HEV,AX,FIAT,FIAT DUCATO,20250329,20230329.0,0.0,Wheelchair-accessible vehicle,6.0,White,0.0,0.0,2941.0,3500.0,3041.0,0.0,0.0,20230329.0,20230329.0,91203.0,Yes,4.0,541.0,205.0,3500.0,250,No installation,UNK,UNK,UNK,0.02,345.0,No,No,3500.0,2.0,0.0,2024.0,Logical,00,Yes,UNK,1,62,Taxi - see approval document.,1970-01-01 00:00:00.000000000,0,0,2023-07-12 16:12:00,,
T186XT,1,Electricity,0.0,0.0,0.0,0.0,0.0,Z,715/2007*2018/1832AX,0.0,0.0,0.0,0.0,333.0,273.0,364.0,90.0,OVC-HEV,AX,FIAT,FIAT DUCATO,20250921,20230921.0,0.0,Wheelchair-accessible vehicle,6.0,White,0.0,0.0,2818.0,3500.0,2918.0,0.0,0.0,20230921.0,20230921.0,92220.0,Yes,4.0,541.0,205.0,3500.0,250,No installation,UNK,UNK,UNK,0.02,345.0,No,No,3500.0,2.0,0.0,2024.0,Logical,00,Yes,UNK,1,62,Taxi - see approval document.,1970-01-01 00:00:00.000000000,0,0,2023-07-12 16:12:00,,
T395ZF,1,Electricity,0.0,0.0,0.0,0.0,0.0,Z,715/2007*2018/1832AX,0.0,0.0,0.0,0.0,333.0,273.0,364.0,90.0,OVC-HEV,AX,FIAT,FIAT DUCATO,20240925,20230925.0,0.0,Wheelchair-accessible vehicle,6.0,White,0.0,0.0,2762.0,3500.0,2862.0,0.0,0.0,20230925.0,20230925.0,92220.0,Yes,4.0,541.0,205.0,3500.0,250,No installation,UNK,UNK,UNK,0.02,345.0,No,No,3500.0,2.0,0.0,2023.0,Logical,00,Yes,UNK,1,62,Taxi - see approval document.,1970-01-01 00:00:00.000000000,0,0,2023-07-12 16:12:00,,
Z577BL,1,Electricity,0.0,0.0,0.0,0.0,0.0,Z,715/2007*2018/1832AX,0.0,0.0,0.0,0.0,333.0,273.0,364.0,90.0,OVC-HEV,AX,FIAT,FIAT DUCATO,20250304,20240304.0,0.0,Wheelchair-accessible vehicle,6.0,White,0.0,0.0,3137.0,3500.0,3237.0,0.0,0.0,20240304.0,20240304.0,92220.0,Yes,4.0,541.0,205.0,3500.0,250,No installation,UNK,UNK,UNK,0.02,345.0,No,No,3500.0,2.0,0.0,2024.0,Logical,00,Yes,UNK,1,62,Taxi - see approval document.,1970-01-01 00:00:00.000000000,0,0,2023-07-12 16:12:00,,
25TGZ9,1,Diesel,7.0,8.5,11.0,223.0,74.0,5,715/2007*692/2008B,0.00124,195.0,0.5,2850.0,0.0,0.0,0.0,0.0,0,EURO 5 B,MERCEDES-BENZ,R 350 CDI 4MATIC,20250602,20221217.0,22903.0,Station wagon,7.0,Gray,6.0,2987.0,2230.0,2995.0,2330.0,750.0,2100.0,20110407.0,20120126.0,92958.0,Yes,4.0,516.0,0.0,2995.0,251,No installation,O72EM1,NZAAB720,0.0,0.08,322.0,No,Yes,5195.0,0.0,0.0,2024.0,No Judgment,05,Yes,E,1,61,Taxi - designed for the transport of a maximum of persons other than the driver.,1970-01-01 00:00:00.020220408,1540,916,2022-04-08 15:40:00,Brake line affected by corrosion,Brake
29ZFJ3,1,Diesel,7.0,8.5,11.0,223.0,74.0,5,715/2007*692/2008B,0.00124,195.0,0.5,2850.0,0.0,0.0,0.0,0.0,0,EURO 5 B,MERCEDES-BENZ,R 350 CDI 4MATIC,20250708,20211005.0,17208.0,Station wagon,7.0,Gray,6.0,2987.0,2190.0,2995.0,2290.0,750.0,2100.0,20120131.0,20121026.0,109134.0,Yes,4.0,492.0,0.0,2995.0,251,No installation,O22EM1,NZAAB720,0.0,0.09,298.0,No,No,5195.0,0.0,0.0,2024.0,No Judgment,05,Yes,F,1,61,Taxi - designed for the transport of a maximum of persons other than the driver.,1970-01-01 00:00:00.020240606,1339,AC5,2024-06-06 13:39:00,Mechanical parts of the braking system show wear,Brake
G051PB,1,Diesel,7.0,8.5,11.0,223.0,74.0,5,715/2007*692/2008B,0.00124,195.0,0.5,2850.0,0.0,0.0,0.0,0.0,0,EURO 5 B,MERCEDES-BENZ,R 350 CDI 4MATIC,20240918,20191031.0,4992.0,Station wagon,5.0,Black,6.0,2987.0,2150.0,2880.0,2250.0,750.0,2100.0,20111129.0,20191031.0,94614.0,Yes,4.0,492.0,192.0,2880.0,251,No installation,O22EM1,NZAAB500,0.0,0.09,298.0,No,Yes,5080.0,0.0,0.0,2023.0,No Judgment,05,No,E,1,61,Taxi - designed for the transport of a maximum of persons other than the driver.,1970-01-01 00:00:00.020220624,1526,RA1,2022-06-24 15:26:00,Airbag/belt system warning device is defective,Safety and Restraint Systems
NT784D,1,Gasoline,7.6,9.3,12.3,211.0,70.0,6,715/2007*2015/45W,0.00075,110.0,0.34,2375.0,0.0,0.0,0.0,0.0,0,EURO 6 W,VOLKSWAGEN,KOMBI,20251215,20170413.0,33890.0,Multi-Purpose Vehicle,7.0,White,4.0,1984.0,2030.0,3000.0,2130.0,750.0,2500.0,20170413.0,20170413.0,66911.0,Yes,4.0,530.0,190.0,3000.0,7HC,115R gas installation,GCJKB300X0,NNFM6501116NVR27MMG03L63291,UNK,0.05,340.0,No,No,5200.0,0.0,0.0,2024.0,Logical,00,Yes,E,2,143,The seat mounting points of this vehicle have been modified and approved.,1970-01-01 00:00:00.020220324,1607,205,2022-03-24 16:07:00,Tire insufficient profile,Suspension and Wheels
PR403H,1,Gasoline,7.4,9.1,12.2,208.0,70.0,6,715/2007*2015/45W,0.00075,110.0,0.34,2375.0,0.0,0.0,0.0,0.0,0,EURO 6 W,VOLKSWAGEN,KOMBI,20250901,20241111.0,32465.0,Multi-Purpose Vehicle,9.0,White,4.0,1984.0,2007.0,3000.0,2107.0,750.0,2500.0,20170825.0,20170825.0,63574.0,No,4.0,490.0,190.0,3000.0,7HC,115R gas installation,GCJKB300X0,NNFM6501116NVR27MMG03L63291,UNK,0.05,300.0,No,No,5200.0,0.0,0.0,2024.0,Logical,00,Yes,F,1,62,Taxi - see approval document.,1970-01-01 00:00:00.020230803,1456,205,2023-08-03 14:56:00,Tire insufficient profile,Suspension and Wheels
G013RH,1,Diesel,5.8,6.7,8.4,175.0,71.0,6,715/2007*2018/1832DG,0.00034,75.0,0.5,2375.0,0.0,0.0,0.0,0.0,0,EURO 6 DG,VOLKSWAGEN,KOMBI,20251122,20191122.0,29593.0,Multi-Purpose Vehicle,9.0,White,4.0,1968.0,1738.0,3000.0,1838.0,750.0,2200.0,20191122.0,20191122.0,61846.0,Yes,3.0,490.0,190.0,3000.0,7HC,No installation,GCXGB300X0,NNFM52Z1116NVR24BF2B91A,UNK,0.04,300.0,No,No,4900.0,0.0,0.0,2024.0,Logical,00,Yes,B,1,62,Taxi - see approval document.,1970-01-01 00:00:00.020211025,948,391,2021-10-25 09:48:00,Windshield wiper system provides insufficient visibility,Windows and Visibility
G015NN,1,Diesel,5.8,6.9,8.7,179.0,71.0,6,715/2007*2018/1832DG,0.00034,75.0,0.5,2375.0,0.0,0.0,0.0,0.0,0,EURO 6 DG,VOLKSWAGEN,KOMBI,20251122,20230309.0,31662.0,Multi-Purpose Vehicle,9.0,White,4.0,1968.0,1759.0,3000.0,1859.0,750.0,2200.0,20191122.0,20191122.0,64792.0,Yes,3.0,530.0,190.0,3000.0,7HC,No installation,GCXGB300X0,NNFM52Z1116NVR24BF2B91A,UNK,0.04,340.0,No,No,4900.0,0.0,0.0,2024.0,Logical,00,Yes,B,1,62,Taxi - see approval document.,1970-01-01 00:00:00.000000000,0,0,2023-07-12 16:12:00,,
SK467Z,2,LPG,5.5,9.1,7.0,208.0,70.0,6,715/2007*2015/45W,0.00075,110.0,0.34,2375.0,0.0,0.0,0.0,0.0,0,EURO 6 W,VOLKSWAGEN,KOMBI,20250426,20180426.0,33661.0,Multi-Purpose Vehicle,7.0,White,4.0,1984.0,2030.0,3000.0,2130.0,750.0,2500.0,20180426.0,20180426.0,66216.0,Yes,3.0,530.0,190.0,3000.0,7HC,115R gas installation,UNK,UNK,UNK,0.05,340.0,No,No,5200.0,0.0,0.0,2024.0,Logical,00,Yes,E,1,62,Taxi - see approval document.,1970-01-01 00:00:00.020240313,1542,361,2024-03-13 15:42:00,Braking difference on 1 axle too large,Brake
G869KK,1,Diesel,5.8,6.7,8.4,175.0,71.0,6,715/2007*2018/1832DG,0.00034,75.0,0.5,2375.0,0.0,0.0,0.0,0.0,0,EURO 6 DG,VOLKSWAGEN,KOMBI,20251104,20191104.0,29593.0,Multi-Purpose Vehicle,9.0,White,4.0,1968.0,1977.0,3000.0,2077.0,750.0,2200.0,20191104.0,20191104.0,61846.0,Yes,3.0,490.0,190.0,3000.0,7HC,No installation,GCXGB300X0,NNFM52Z1116NVR24BF2B91A,0.0,0.04,300.0,No,No,4900.0,0.0,0.0,2024.0,Logical,00,Yes,B,1,62,Taxi - see approval document.,1970-01-01 00:00:00.020220923,1122,205,2022-09-23 11:22:00,Tire insufficient profile,Suspension and Wheels
HK390Z,1,Diesel,5.3,6.0,7.1,155.0,72.0,6,715/2007*136/2014W,0.00034,62.0,0.5,2375.0,0.0,0.0,0.0,0.0,0,EURO 6 W,VOLKSWAGEN,KOMBI,20251114,20151127.0,14949.0,Multi-Purpose Vehicle,9.0,White,4.0,1968.0,1794.0,3000.0,1894.0,750.0,2200.0,20151127.0,20151127.0,44558.0,Yes,4.0,530.0,190.0,3000.0,7HC,No installation,GCXGA300X0,LNFM52Z1116NVR27MMG02L63291,0.0,0.03,340.0,No,No,4800.0,0.0,0.0,2024.0,Logical,00,Yes,B,1,62,Taxi - see approval document.,1970-01-01 00:00:00.020240604,1105,241,2024-06-04 11:05:00,Shock absorber does not work (properly),Suspension and Wheels
HR240R,1,Diesel,5.3,6.0,7.1,155.0,72.0,6,715/2007*136/2014W,0.00034,62.0,0.5,2375.0,0.0,0.0,0.0,0.0,0,EURO 6 W,VOLKSWAGEN,KOMBI,20250226,20240722.0,14949.0,Multi-Purpose Vehicle,8.0,Gray,4.0,1968.0,1794.0,3000.0,1894.0,750.0,2200.0,20160226.0,20160226.0,48841.0,Yes,4.0,530.0,190.0,3000.0,7HC,No installation,GCXGA300X0,LNFM52Z1116VVR27MMG02L63291,0.0,0.03,340.0,No,No,4800.0,0.0,0.0,2024.0,Logical,00,Yes,C,1,62,Taxi - see approval document.,1970-01-01 00:00:00.000000000,0,0,2023-07-12 16:12:00,,
HR723V,1,Diesel,5.2,5.8,6.9,151.0,72.0,6,715/2007*136/2014W,0.00034,62.0,0.5,2375.0,0.0,0.0,0.0,0.0,0,EURO 6 W,VOLKSWAGEN,KOMBI,20241024,20221021.0,14157.0,Multi-Purpose Vehicle,9.0,White,4.0,1968.0,1738.0,3000.0,1838.0,750.0,2200.0,20160107.0,20160107.0,42798.0,No,4.0,490.0,190.0,3000.0,7HC,No installation,GCXGA300X0,NNFM52Z1116NVR27MMG02L63291,0.0,0.03,300.0,No,No,4800.0,0.0,0.0,2024.0,Logical,00,Yes,D,1,62,Taxi - see approval document.,1970-01-01 00:00:00.020221024,1613,210,2022-10-24 16:13:00,Tire pressure not at correct value,Suspension and Wheels
HS619X,1,Diesel,5.6,6.1,7.1,160.0,73.0,6,715/2007*136/2014W,0.00034,75.0,0.5,2375.0,0.0,0.0,0.0,0.0,0,EURO 6 W,VOLKSWAGEN,KOMBI,20250408,20231225.0,15939.0,Multi-Purpose Vehicle,7.0,White,4.0,1968.0,1759.0,3000.0,1859.0,750.0,2200.0,20160121.0,20160121.0,54199.0,Yes,4.0,530.0,190.0,3000.0,7HC,No installation,GCXGB300X0,LHFM52Z1116NVR27MMG03L63291,0.0,0.04,340.0,No,No,4900.0,0.0,0.0,2024.0,Logical,00,Yes,C,1,62,Taxi - see approval document.,1970-01-01 00:00:00.020220329,1217,RA2,2022-03-29 12:17:00,Excessive fluid leakage of other fluids,Other
HX856G,1,Diesel,6.1,7.3,9.5,193.0,74.0,5,715/2007*195/2013K,6e-05,62.0,0.5,2375.0,0.0,0.0,0.0,0.0,0,EURO 5 K,VOLKSWAGEN,KOMBI,20250115,20160115.0,28759.0,Multi-Purpose Vehicle,9.0,White,4.0,1968.0,1981.0,2800.0,2081.0,750.0,2200.0,20160115.0,20160115.0,55942.0,Yes,4.0,489.0,190.0,2800.0,7HC,No installation,GCAAA280X0,NNFM52Z1116NVR07MJG0S,0.0,0.03,300.0,No,No,4800.0,0.0,0.0,2024.0,Logical,00,Yes,G,1,62,Taxi - see approval document.,1970-01-01 00:00:00.020211215,1500,205,2021-12-15 15:00:00,Tire insufficient profile,Suspension and Wheels
JF799L,1,Diesel,5.3,6.0,7.1,155.0,73.0,6,715/2007*136/2014W,0.00034,75.0,0.5,2375.0,0.0,0.0,0.0,0.0,0,EURO 6 W,VOLKSWAGEN,KOMBI,20241004,20160314.0,16193.0,Multi-Purpose Vehicle,9.0,Gray,4.0,1968.0,1759.0,3000.0,1859.0,750.0,2200.0,20160314.0,20160314.0,57145.0,No,5.0,530.0,190.0,3000.0,7HC,No installation,GCXGB300X0,LNFM52Z1116NVR27MMG02L63291,0.0,0.04,340.0,No,No,4900.0,0.0,0.0,2023.0,Logical,00,Yes,C,1,62,Taxi - see approval document.,1970-01-01 00:00:00.000000000,0,0,2023-07-12 16:12:00,,
JK126Z,1,Diesel,6.7,8.0,10.2,211.0,74.0,5,715/2007*195/2013K,0.00039,103.0,0.6,2375.0,0.0,0.0,0.0,0.0,0,EURO 5 K,VOLKSWAGEN,KOMBI,20251030,20231121.0,43260.0,Multi-Purpose Vehicle,9.0,White,4.0,1968.0,1876.0,2800.0,1976.0,750.0,2500.0,20160701.0,20160701.0,83880.0,No,4.0,489.0,190.0,2800.0,7HC,No installation,GCCHA280X0,NNFD7BT0116NVR07MJG0S,0.0,0.05,300.0,No,No,5300.0,0.0,0.0,2024.0,Logical,00,Yes,G,1,62,Taxi - see approval document.,1970-01-01 00:00:00.020220714,943,259,2022-07-14 09:43:00,Steering ball joint too much play,Suspension and Wheels
JP097D,1,Diesel,5.5,5.9,6.6,153.0,71.0,6,715/2007*2015/45W,0.00034,110.0,0.5,2375.0,0.0,0.0,0.0,0.0,0,EURO 6 W,VOLKSWAGEN,KOMBI,20250522,20160518.0,15772.0,Multi-Purpose Vehicle,9.0,Black,4.0,1968.0,1854.0,3000.0,1954.0,750.0,2500.0,20160518.0,20160518.0,61437.0,Yes,4.0,530.0,190.0,3000.0,7HC,No installation,GCXFA300X0,LNFD7BT0116VVR27MMG02L63291,0.0,0.06,340.0,No,No,5300.0,0.0,0.0,2024.0,Logical,00,Yes,C,1,62,Taxi - see approval document.,1970-01-01 00:00:00.020240506,1413,311,2024-05-06 14:13:00,Brake lining carrier/fastener contacts drum/disc,Brake
JP368B,1,Diesel,5.5,5.9,6.6,153.0,71.0,6,715/2007*136/2014W,0.00034,110.0,0.5,2375.0,0.0,0.0,0.0,0.0,0,EURO 6 W,VOLKSWAGEN,KOMBI,20251121,20221121.0,15772.0,Multi-Purpose Vehicle,9.0,Yellow,4.0,1968.0,1792.0,3000.0,1892.0,750.0,2500.0,20160518.0,20160518.0,55424.0,Yes,4.0,490.0,190.0,3000.0,7HC,No installation,GCXFA300X0,NNFD7BT0116VVR27MMG02L63291,0.0,0.06,300.0,No,No,5300.0,0.0,0.0,2024.0,Logical,00,Yes,E,1,62,Taxi - see approval document.,1970-01-01 00:00:00.000000000,0,0,2023-07-12 16:12:00,,
KK136K,1,CNG,7.4,9.1,12.2,208.0,70.0,6,715/2007*2015/45W,0.00075,110.0,0.34,2375.0,0.0,0.0,0.0,0.0,0,EURO 6 W,VOLKSWAGEN,KOMBI,20251005,20180808.0,29381.0,Multi-Purpose Vehicle,9.0,White,4.0,1984.0,2320.0,3000.0,2420.0,750.0,2500.0,20160929.0,20160929.0,61083.0,Yes,4.0,530.0,190.0,3000.0,7HC,No installation,GCJKB300X0,LNFM6501116NVR27MMG03L63291,0.0,0.05,340.0,No,No,5200.0,0.0,0.0,2024.0,Illogical,04,Yes,E,1,62,Taxi - see approval document.,1970-01-01 00:00:00.020241002,1357,205,2024-10-02 13:57:00,Tire insufficient profile,Suspension and Wheels
KK141K,1,CNG,7.4,9.1,12.2,208.0,70.0,6,715/2007*2015/45W,0.00075,110.0,0.34,2375.0,0.0,0.0,0.0,0.0,0,EURO 6 W,VOLKSWAGEN,KOMBI,20250707,20221209.0,29381.0,Multi-Purpose Vehicle,9.0,White,4.0,1984.0,2220.0,3000.0,2320.0,750.0,2500.0,20160929.0,20160929.0,61083.0,Yes,4.0,530.0,190.0,3000.0,7HC,No installation,GCJKB300X0,LNFM6501116NVR27MMG03L63291,0.0,0.05,340.0,No,No,5200.0,0.0,0.0,2024.0,Logical,00,Yes,E,1,62,Taxi - see approval document.,1970-01-01 00:00:00.020220707,1244,497,2022-07-07 12:44:00,License plate lighting does not work (properly) / is missing,Lighting System
KR702D,1,Gasoline,7.4,9.1,12.2,208.0,70.0,6,715/2007*2015/45W,0.00075,110.0,0.34,2375.0,0.0,0.0,0.0,0.0,0,EURO 6 W,VOLKSWAGEN,KOMBI,20250725,20220405.0,29381.0,Multi-Purpose Vehicle,9.0,White,4.0,1984.0,2140.0,3000.0,2240.0,750.0,2500.0,20161101.0,20161101.0,60115.0,Yes,4.0,490.0,190.0,3000.0,7HC,No installation,GCJKB300X0,NNFM6501116NVR27MMG03L63291,0.0,0.05,300.0,No,No,5200.0,0.0,0.0,2024.0,Logical,00,Yes,F,1,62,Taxi - see approval document.,1970-01-01 00:00:00.020211026,1522,205,2021-10-26 15:22:00,Tire insufficient profile,Suspension and Wheels
KR702D,2,CNG,7.4,9.1,12.2,208.0,70.0,6,715/2007*2015/45W,0.00075,110.0,0.34,2375.0,0.0,0.0,0.0,0.0,0,EURO 6,VOLKSWAGEN,KOMBI,20250725,20220405.0,29381.0,Multi-Purpose Vehicle,9.0,White,4.0,1984.0,2140.0,3000.0,2240.0,750.0,2500.0,20161101.0,20161101.0,60115.0,Yes,4.0,490.0,190.0,3000.0,7HC,No installation,GCJKB300X0,NNFM6501116NVR27MMG03L63291,0.0,0.05,300.0,No,No,5200.0,0.0,0.0,2024.0,Logical,00,Yes,F,1,62,Taxi - see approval document.,1970-01-01 00:00:00.020211026,1522,205,2021-10-26 15:22:00,Tire insufficient profile,Suspension and Wheels
KV580R,1,Gasoline,7.4,9.1,12.2,208.0,70.0,6,715/2007*2015/45W,0.00075,110.0,0.34,2375.0,0.0,0.0,0.0,0.0,0,EURO 6 W,VOLKSWAGEN,KOMBI,20250131,20170126.0,29381.0,Multi-Purpose Vehicle,9.0,White,4.0,1984.0,2210.0,3000.0,2310.0,750.0,2500.0,20170126.0,20170126.0,60115.0,Yes,4.0,490.0,190.0,3000.0,7HC,No installation,GCJKB300X0,NNFM6501116NVR27MMG03L63291,0.0,0.05,300.0,No,No,5200.0,0.0,0.0,2024.0,Illogical,04,Yes,F,1,62,Taxi - see approval document.,1970-01-01 00:00:00.020211228,1458,205,2021-12-28 14:58:00,Tire insufficient profile,Suspension and Wheels
KV580R,2,CNG,7.4,9.1,12.2,208.0,70.0,6,715/2007*2015/45W,0.00075,110.0,0.34,2375.0,0.0,0.0,0.0,0.0,0,EURO 6,VOLKSWAGEN,KOMBI,20250131,20170126.0,29381.0,Multi-Purpose Vehicle,9.0,White,4.0,1984.0,2210.0,3000.0,2310.0,750.0,2500.0,20170126.0,20170126.0,60115.0,Yes,4.0,490.0,190.0,3000.0,7HC,No installation,GCJKB300X0,NNFM6501116NVR27MMG03L63291,0.0,0.05,300.0,No,No,5200.0,0.0,0.0,2024.0,Illogical,04,Yes,F,1,62,Taxi - see approval document.,1970-01-01 00:00:00.020211228,1458,205,2021-12-28 14:58:00,Tire insufficient profile,Suspension and Wheels
KZ584J,1,Gasoline,7.4,9.1,12.2,208.0,70.0,6,715/2007*2015/45W,0.00075,110.0,0.34,2375.0,0.0,0.0,0.0,0.0,0,EURO 6 W,VOLKSWAGEN,KOMBI,20251222,20161222.0,29381.0,Multi-Purpose Vehicle,9.0,White,4.0,1984.0,2160.0,3000.0,2260.0,750.0,2500.0,20161222.0,20161222.0,60224.0,Yes,4.0,490.0,190.0,3000.0,7HC,No installation,GCJKB300X0,NNFM6501116NVR27MMG03L63291,0.0,0.05,300.0,No,No,5200.0,0.0,0.0,2024.0,Logical,00,Yes,F,1,62,Taxi - see approval document.,1970-01-01 00:00:00.020241030,1208,115,2024-10-30 12:08:00,Exhaust system not gastight / unsafe exhaust gas discharge,Emission and Exhaust
KZ584J,2,CNG,7.4,9.1,12.2,208.0,70.0,6,715/2007*2015/45W,0.00075,110.0,0.34,2375.0,0.0,0.0,0.0,0.0,0,EURO 6,VOLKSWAGEN,KOMBI,20251222,20161222.0,29381.0,Multi-Purpose Vehicle,9.0,White,4.0,1984.0,2160.0,3000.0,2260.0,750.0,2500.0,20161222.0,20161222.0,60224.0,Yes,4.0,490.0,190.0,3000.0,7HC,No installation,GCJKB300X0,NNFM6501116NVR27MMG03L63291,0.0,0.05,300.0,No,No,5200.0,0.0,0.0,2024.0,Logical,00,Yes,F,1,62,Taxi - see approval document.,1970-01-01 00:00:00.020241030,1208,115,2024-10-30 12:08:00,Exhaust system not gastight / unsafe exhaust gas discharge,Emission and Exhaust
NS430L,1,CNG,7.6,9.3,12.3,211.0,70.0,6,715/2007*2015/45W,0.00075,110.0,0.34,2375.0,0.0,0.0,0.0,0.0,0,EURO 6 W,VOLKSWAGEN,KOMBI,20251128,20170407.0,33890.0,Multi-Purpose Vehicle,9.0,White,4.0,1984.0,2280.0,3000.0,2380.0,750.0,2500.0,20170407.0,20170407.0,66911.0,Yes,4.0,530.0,190.0,3000.0,7HC,No installation,GCJKB300X0,LMFM6501116NVR27MMG03L63291,0.0,0.05,340.0,No,No,5200.0,0.0,0.0,2024.0,Logical,00,Yes,E,1,62,Taxi - see approval document.,1970-01-01 00:00:00.020231128,1330,205,2023-11-28 13:30:00,Tire insufficient profile,Suspension and Wheels
NS452L,1,Gasoline,7.6,9.3,12.3,211.0,70.0,6,715/2007*2015/45W,0.00075,110.0,0.34,2375.0,0.0,0.0,0.0,0.0,0,EURO 6 W,VOLKSWAGEN,KOMBI,20250406,20170406.0,33890.0,Multi-Purpose Vehicle,7.0,White,4.0,1984.0,2114.0,3000.0,2214.0,750.0,2500.0,20170406.0,20170406.0,66911.0,Yes,4.0,530.0,190.0,3000.0,7HC,115R gas installation,GCJKB300X0,NNFM6501116NVR27MMG03L63291,UNK,0.05,340.0,No,No,5200.0,0.0,0.0,2024.0,Logical,00,Yes,E,1,62,Taxi - see approval document.,1970-01-01 00:00:00.000000000,0,0,2023-07-12 16:12:00,,
NS452L,2,LPG,5.5,9.3,7.0,211.0,70.0,6,715/2007*2015/45W,0.00075,110.0,0.34,2375.0,0.0,0.0,0.0,0.0,0,EURO 6 W,VOLKSWAGEN,KOMBI,20250406,20170406.0,33890.0,Multi-Purpose Vehicle,7.0,White,4.0,1984.0,2114.0,3000.0,2214.0,750.0,2500.0,20170406.0,20170406.0,66911.0,Yes,4.0,530.0,190.0,3000.0,7HC,115R gas installation,UNK,UNK,UNK,0.05,340.0,No,No,5200.0,0.0,0.0,2024.0,Logical,00,Yes,E,1,62,Taxi - see approval document.,1970-01-01 00:00:00.000000000,0,0,2023-07-12 16:12:00,,
NT629R,1,Gasoline,7.6,9.3,12.3,211.0,70.0,6,715/2007*2015/45W,0.00075,110.0,0.34,2375.0,0.0,0.0,0.0,0.0,0,EURO 6 W,VOLKSWAGEN,KOMBI,20250516,20220830.0,33890.0,Multi-Purpose Vehicle,9.0,White,4.0,1984.0,2280.0,3000.0,2380.0,750.0,2500.0,20170421.0,20170421.0,66911.0,Yes,4.0,530.0,190.0,3000.0,7HC,No installation,GCJKB300X0,LMFM6501116NVR27MMG03L63291,0.0,0.05,340.0,No,No,5200.0,0.0,0.0,2024.0,Logical,00,Yes,E,1,62,Taxi - see approval document.,1970-01-01 00:00:00.020220419,1406,516,2022-04-19 14:06:00,Low beam incorrectly adjusted,Lighting System
NT629R,2,CNG,7.4,9.3,12.2,211.0,70.0,6,715/2007*2015/45W,0.00075,110.0,0.34,2375.0,0.0,0.0,0.0,0.0,0,EURO 6,VOLKSWAGEN,KOMBI,20250516,20220830.0,33890.0,Multi-Purpose Vehicle,9.0,White,4.0,1984.0,2280.0,3000.0,2380.0,750.0,2500.0,20170421.0,20170421.0,66911.0,Yes,4.0,530.0,190.0,3000.0,7HC,No installation,GCJKB300X0,LMFM6501116NVR27MMG03L63291,0.0,0.05,340.0,No,No,5200.0,0.0,0.0,2024.0,Logical,00,Yes,E,1,62,Taxi - see approval document.,1970-01-01 00:00:00.020220419,1406,516,2022-04-19 14:06:00,Low beam incorrectly adjusted,Lighting System
PD406P,1,Gasoline,7.4,9.1,12.2,208.0,70.0,6,715/2007*2015/45W,0.00075,110.0,0.34,2375.0,0.0,0.0,0.0,0.0,0,EURO 6 W,VOLKSWAGEN,KOMBI,20250927,20231016.0,32465.0,Multi-Purpose Vehicle,9.0,White,4.0,1984.0,1980.0,3000.0,2080.0,750.0,2500.0,20170707.0,20170707.0,63574.0,Yes,4.0,490.0,190.0,3000.0,7HC,No installation,GCJKB300X0,NNFM6501116NVR27MMG03L63291,UNK,0.05,300.0,No,No,5200.0,0.0,0.0,2024.0,Logical,00,Yes,F,1,62,Taxi - see approval document.,1970-01-01 00:00:00.020220701,1255,542,2022-07-01 12:55:00,Retroreflector is defective,Lighting System
PD409P,1,Gasoline,7.4,9.1,12.2,208.0,70.0,6,715/2007*2015/45W,0.00075,110.0,0.34,2375.0,0.0,0.0,0.0,0.0,0,EURO 6 W,VOLKSWAGEN,KOMBI,20250712,20231016.0,32465.0,Multi-Purpose Vehicle,9.0,White,4.0,1984.0,2020.0,3000.0,2120.0,750.0,2500.0,20170707.0,20170707.0,63574.0,Yes,4.0,490.0,190.0,3000.0,7HC,No installation,GCJKB300X0,NNFM6501116NVR27MMG03L63291,UNK,0.05,300.0,No,No,5200.0,0.0,0.0,2024.0,Logical,00,Yes,F,1,62,Taxi - see approval document.,1970-01-01 00:00:00.020220816,1612,205,2022-08-16 16:12:00,Tire insufficient profile,Suspension and Wheels
PD874X,1,Gasoline,7.4,9.1,12.2,208.0,70.0,6,715/2007*2015/45W,0.00075,110.0,0.34,2375.0,0.0,0.0,0.0,0.0,0,EURO 6 W,VOLKSWAGEN,KOMBI,20250111,20170607.0,32465.0,Multi-Purpose Vehicle,9.0,White,4.0,1984.0,2290.0,3000.0,2390.0,750.0,2500.0,20170607.0,20170607.0,64542.0,Yes,4.0,530.0,190.0,3000.0,7HC,No installation,GCJKB300X0,LNFM6501116NVR27MMG03L63291,0.0,0.05,340.0,No,No,5200.0,0.0,0.0,2024.0,Logical,00,Yes,E,1,62,Taxi - see approval document.,1970-01-01 00:00:00.020220413,1442,210,2022-04-13 14:42:00,Tire pressure not at correct value,Suspension and Wheels
PD874X,2,CNG,7.4,9.1,12.2,208.0,70.0,6,715/2007*2015/45W,0.00075,110.0,0.34,2375.0,0.0,0.0,0.0,0.0,0,EURO 6,VOLKSWAGEN,KOMBI,20250111,20170607.0,32465.0,Multi-Purpose Vehicle,9.0,White,4.0,1984.0,2290.0,3000.0,2390.0,750.0,2500.0,20170607.0,20170607.0,64542.0,Yes,4.0,530.0,190.0,3000.0,7HC,No installation,GCJKB300X0,LNFM6501116NVR27MMG03L63291,0.0,0.05,340.0,No,No,5200.0,0.0,0.0,2024.0,Logical,00,Yes,E,1,62,Taxi - see approval document.,1970-01-01 00:00:00.020220413,1442,210,2022-04-13 14:42:00,Tire pressure not at correct value,Suspension and Wheels
PD931R,1,Gasoline,7.4,9.1,12.2,208.0,70.0,6,715/2007*2015/45W,0.00075,110.0,0.34,2375.0,0.0,0.0,0.0,0.0,0,EURO 6 W,VOLKSWAGEN,KOMBI,20250810,20170808.0,32465.0,Multi-Purpose Vehicle,9.0,White,4.0,1984.0,2172.0,3000.0,2272.0,750.0,2500.0,20170808.0,20170808.0,63683.0,Yes,4.0,490.0,190.0,3000.0,7HC,No installation,GCJKB300X0,NNFM6501116NVR27MMG03L63291,0.0,0.05,300.0,No,No,5200.0,0.0,0.0,2024.0,Logical,00,Yes,F,1,62,Taxi - see approval document.,1970-01-01 00:00:00.020240722,922,205,2024-07-22 09:22:00,Tire insufficient profile,Suspension and Wheels
PD931R,2,CNG,7.4,9.1,12.2,208.0,70.0,6,715/2007*2015/45W,0.00075,110.0,0.34,2375.0,0.0,0.0,0.0,0.0,0,EURO 6,VOLKSWAGEN,KOMBI,20250810,20170808.0,32465.0,Multi-Purpose Vehicle,9.0,White,4.0,1984.0,2172.0,3000.0,2272.0,750.0,2500.0,20170808.0,20170808.0,63683.0,Yes,4.0,490.0,190.0,3000.0,7HC,No installation,GCJKB300X0,NNFM6501116NVR27MMG03L63291,0.0,0.05,300.0,No,No,5200.0,0.0,0.0,2024.0,Logical,00,Yes,F,1,62,Taxi - see approval document.,1970-01-01 00:00:00.020240722,922,205,2024-07-22 09:22:00,Tire insufficient profile,Suspension and Wheels
PF809R,2,CNG,7.4,9.1,12.2,208.0,70.0,6,715/2007*2015/45W,0.00075,110.0,0.34,2375.0,0.0,0.0,0.0,0.0,0,EURO 6 W,VOLKSWAGEN,KOMBI,20251004,20170614.0,32465.0,Multi-Purpose Vehicle,9.0,White,4.0,1984.0,2290.0,3000.0,2390.0,750.0,2500.0,20170614.0,20170614.0,64542.0,Yes,4.0,530.0,190.0,3000.0,7HC,No installation,GCJKB300X0,LNFM6501116NVR27MMG03L63291,0.0,0.05,340.0,No,No,5200.0,0.0,0.0,2024.0,Logical,00,Yes,E,1,62,Taxi - see approval document.,1970-01-01 00:00:00.020211118,1546,210,2021-11-18 15:46:00,Tire pressure not at correct value,Suspension and Wheels
PF815R,1,Gasoline,7.4,9.1,12.2,208.0,70.0,6,715/2007*2015/45W,0.00075,110.0,0.34,2375.0,0.0,0.0,0.0,0.0,0,EURO 6 W,VOLKSWAGEN,KOMBI,20251013,20170614.0,32465.0,Multi-Purpose Vehicle,9.0,White,4.0,1984.0,2830.0,3000.0,2930.0,750.0,2500.0,20170614.0,20170614.0,64542.0,Yes,4.0,530.0,190.0,3000.0,7HC,No installation,GCJKB300X0,LNFM6501116NVR27MMG03L63291,0.0,0.04,340.0,No,No,5200.0,0.0,0.0,2024.0,Logical,00,Yes,E,1,62,Taxi - see approval document.,1970-01-01 00:00:00.020211013,1345,205,2021-10-13 13:45:00,Tire insufficient profile,Suspension and Wheels
PF815R,2,CNG,7.4,9.1,12.2,208.0,70.0,6,715/2007*2015/45W,0.00075,110.0,0.34,2375.0,0.0,0.0,0.0,0.0,0,EURO 6,VOLKSWAGEN,KOMBI,20251013,20170614.0,32465.0,Multi-Purpose Vehicle,9.0,White,4.0,1984.0,2830.0,3000.0,2930.0,750.0,2500.0,20170614.0,20170614.0,64542.0,Yes,4.0,530.0,190.0,3000.0,7HC,No installation,GCJKB300X0,LNFM6501116NVR27MMG03L63291,0.0,0.04,340.0,No,No,5200.0,0.0,0.0,2024.0,Logical,00,Yes,E,1,62,Taxi - see approval document.,1970-01-01 00:00:00.020211013,1345,205,2021-10-13 13:45:00,Tire insufficient profile,Suspension and Wheels
PJ506N,1,Gasoline,7.4,9.1,12.2,208.0,70.0,6,715/2007*2015/45W,0.00075,110.0,0.34,2375.0,0.0,0.0,0.0,0.0,0,EURO 6 W,VOLKSWAGEN,KOMBI,20250515,20170710.0,32465.0,Multi-Purpose Vehicle,9.0,White,4.0,1984.0,2320.0,3000.0,2420.0,750.0,2500.0,20170710.0,20170710.0,64542.0,Yes,4.0,530.0,190.0,3000.0,7HC,No installation,GCJKB300X0,LNFM6501116NVR27MMG03L63291,0.0,0.05,340.0,No,No,5200.0,0.0,0.0,2024.0,Logical,00,Yes,E,1,62,Taxi - see approval document.,1970-01-01 00:00:00.020240419,1634,205,2024-04-19 16:34:00,Tire insufficient profile,Suspension and Wheels
PJ506N,2,CNG,7.4,9.1,12.2,208.0,70.0,6,715/2007*2015/45W,0.00075,110.0,0.34,2375.0,0.0,0.0,0.0,0.0,0,EURO 6,VOLKSWAGEN,KOMBI,20250515,20170710.0,32465.0,Multi-Purpose Vehicle,9.0,White,4.0,1984.0,2320.0,3000.0,2420.0,750.0,2500.0,20170710.0,20170710.0,64542.0,Yes,4.0,530.0,190.0,3000.0,7HC,No installation,GCJKB300X0,LNFM6501116NVR27MMG03L63291,0.0,0.05,340.0,No,No,5200.0,0.0,0.0,2024.0,Logical,00,Yes,E,1,62,Taxi - see approval document.,1970-01-01 00:00:00.020240419,1634,205,2024-04-19 16:34:00,Tire insufficient profile,Suspension and Wheels
PJ516N,1,Gasoline,7.4,9.1,12.2,208.0,70.0,6,715/2007*2015/45W,0.00075,110.0,0.34,2375.0,0.0,0.0,0.0,0.0,0,EURO 6 W,VOLKSWAGEN,KOMBI,20250215,20170710.0,32465.0,Multi-Purpose Vehicle,9.0,White,4.0,1984.0,2330.0,3000.0,2430.0,750.0,2500.0,20170710.0,20170710.0,64542.0,Yes,4.0,530.0,190.0,3000.0,7HC,No installation,GCJKB300X0,LNFM6501116NVR27MMG03L63291,0.0,0.05,340.0,No,No,5200.0,0.0,0.0,2024.0,Logical,00,Yes,E,1,62,Taxi - see approval document.,1970-01-01 00:00:00.020220125,1608,211,2022-01-25 16:08:00,Tire pressure on 1 axle not equal,Suspension and Wheels
PJ516N,2,CNG,7.4,9.1,12.2,208.0,70.0,6,715/2007*2015/45W,0.00075,110.0,0.34,2375.0,0.0,0.0,0.0,0.0,0,EURO 6,VOLKSWAGEN,KOMBI,20250215,20170710.0,32465.0,Multi-Purpose Vehicle,9.0,White,4.0,1984.0,2330.0,3000.0,2430.0,750.0,2500.0,20170710.0,20170710.0,64542.0,Yes,4.0,530.0,190.0,3000.0,7HC,No installation,GCJKB300X0,LNFM6501116NVR27MMG03L63291,0.0,0.05,340.0,No,No,5200.0,0.0,0.0,2024.0,Logical,00,Yes,E,1,62,Taxi - see approval document.,1970-01-01 00:00:00.020220125,1608,211,2022-01-25 16:08:00,Tire pressure on 1 axle not equal,Suspension and Wheels
PK587S,1,CNG,7.4,9.1,12.2,208.0,70.0,6,715/2007*2015/45W,0.00075,110.0,0.34,2375.0,0.0,0.0,0.0,0.0,0,EURO 6 W,VOLKSWAGEN,KOMBI,20250215,20170721.0,32465.0,Multi-Purpose Vehicle,9.0,White,4.0,1984.0,2116.0,3000.0,2216.0,750.0,2500.0,20170721.0,20170721.0,64542.0,Yes,4.0,530.0,190.0,3000.0,7HC,No installation,GCJKB300X0,LNFM6501116NVR27MMG03L63291,UNK,0.05,340.0,No,No,5200.0,0.0,0.0,2024.0,Logical,00,Yes,E,1,62,Taxi - see approval document.,1970-01-01 00:00:00.000000000,0,0,2023-07-12 16:12:00,,
PK587S,2,Gasoline,7.4,9.1,12.2,208.0,70.0,6,715/2007*2015/45W,0.00075,110.0,0.34,2375.0,0.0,0.0,0.0,0.0,0,EURO 6 W,VOLKSWAGEN,KOMBI,20250215,20170721.0,32465.0,Multi-Purpose Vehicle,9.0,White,4.0,1984.0,2116.0,3000.0,2216.0,750.0,2500.0,20170721.0,20170721.0,64542.0,Yes,4.0,530.0,190.0,3000.0,7HC,No installation,GCJKB300X0,UNK,UNK,0.05,340.0,No,No,5200.0,0.0,0.0,2024.0,Logical,00,Yes,E,1,62,Taxi - see approval document.,1970-01-01 00:00:00.000000000,0,0,2023-07-12 16:12:00,,
PL885J,1,Gasoline,7.4,9.1,12.2,208.0,70.0,6,715/2007*2015/45W,0.00075,110.0,0.34,2375.0,0.0,0.0,0.0,0.0,0,EURO 6 W,VOLKSWAGEN,KOMBI,20250219,20221003.0,32465.0,Multi-Purpose Vehicle,9.0,White,4.0,1984.0,2120.0,3000.0,2220.0,750.0,2500.0,20170803.0,20170803.0,63683.0,Yes,4.0,490.0,190.0,3000.0,7HC,No installation,GCJKB300X0,NNFM6501116NVR27MMG03L63291,0.0,0.05,300.0,No,No,5200.0,0.0,0.0,2024.0,Logical,00,Yes,F,1,62,Taxi - see approval document.,1970-01-01 00:00:00.020220628,1543,200,2022-06-28 15:43:00,"Stabilizer improperly attached, broken or torn",Suspension and Wheels
PL885J,2,CNG,7.4,9.1,12.2,208.0,70.0,6,715/2007*2015/45W,0.00075,110.0,0.34,2375.0,0.0,0.0,0.0,0.0,0,EURO 6,VOLKSWAGEN,KOMBI,20250219,20221003.0,32465.0,Multi-Purpose Vehicle,9.0,White,4.0,1984.0,2120.0,3000.0,2220.0,750.0,2500.0,20170803.0,20170803.0,63683.0,Yes,4.0,490.0,190.0,3000.0,7HC,No installation,GCJKB300X0,NNFM6501116NVR27MMG03L63291,0.0,0.05,300.0,No,No,5200.0,0.0,0.0,2024.0,Logical,00,Yes,F,1,62,Taxi - see approval document.,1970-01-01 00:00:00.020220628,1543,200,2022-06-28 15:43:00,"Stabilizer improperly attached, broken or torn",Suspension and Wheels
PL889J,1,Gasoline,7.4,9.1,12.2,208.0,70.0,6,715/2007*2015/45W,0.00075,110.0,0.34,2375.0,0.0,0.0,0.0,0.0,0,EURO 6 W,VOLKSWAGEN,KOMBI,20250803,20221003.0,32465.0,Multi-Purpose Vehicle,9.0,White,4.0,1984.0,2280.0,3000.0,2380.0,750.0,2500.0,20170803.0,20170803.0,63683.0,Yes,4.0,490.0,190.0,3000.0,7HC,No installation,GCJKB300X0,NNFM6501116NVR27MMG03L63291,0.0,0.05,300.0,No,No,5200.0,0.0,0.0,2024.0,Illogical,04,Yes,F,1,62,Taxi - see approval document.,1970-01-01 00:00:00.000000000,0,0,2023-07-12 16:12:00,,
PL889J,2,CNG,7.4,9.1,12.2,208.0,70.0,6,715/2007*2015/45W,0.00075,110.0,0.34,2375.0,0.0,0.0,0.0,0.0,0,EURO 6,VOLKSWAGEN,KOMBI,20250803,20221003.0,32465.0,Multi-Purpose Vehicle,9.0,White,4.0,1984.0,2280.0,3000.0,2380.0,750.0,2500.0,20170803.0,20170803.0,63683.0,Yes,4.0,490.0,190.0,3000.0,7HC,No installation,GCJKB300X0,NNFM6501116NVR27MMG03L63291,0.0,0.05,300.0,No,No,5200.0,0.0,0.0,2024.0,Illogical,04,Yes,F,1,62,Taxi - see approval document.,1970-01-01 00:00:00.000000000,0,0,2023-07-12 16:12:00,,
PL890J,1,Gasoline,7.4,9.1,12.2,208.0,70.0,6,715/2007*2015/45W,0.00075,110.0,0.34,2375.0,0.0,0.0,0.0,0.0,0,EURO 6 W,VOLKSWAGEN,KOMBI,20250803,20221003.0,32465.0,Multi-Purpose Vehicle,9.0,White,4.0,1984.0,1762.0,3000.0,1862.0,750.0,2500.0,20170803.0,20170803.0,63683.0,Yes,4.0,490.0,190.0,3000.0,7HC,No installation,GCJKB300X0,NNFM6501116NVR27MMG03L63291,0.0,0.06,300.0,No,No,5200.0,0.0,0.0,2024.0,Logical,00,Yes,F,1,62,Taxi - see approval document.,1970-01-01 00:00:00.000000000,0,0,2023-07-12 16:12:00,,
PL900J,1,Gasoline,7.4,9.1,12.2,208.0,70.0,6,715/2007*2015/45W,0.00075,110.0,0.34,2375.0,0.0,0.0,0.0,0.0,0,EURO 6 W,VOLKSWAGEN,KOMBI,20250816,20170808.0,32465.0,Multi-Purpose Vehicle,9.0,White,4.0,1984.0,2180.0,3000.0,2280.0,750.0,2500.0,20170808.0,20170808.0,63683.0,Yes,4.0,490.0,190.0,3000.0,7HC,No installation,GCJKB300X0,NNFM6501116NVR27MMG03L63291,0.0,0.05,300.0,No,No,5200.0,0.0,0.0,2024.0,Logical,00,Yes,F,1,62,Taxi - see approval document.,1970-01-01 00:00:00.020230816,1627,205,2023-08-16 16:27:00,Tire insufficient profile,Suspension and Wheels
PL900J,2,CNG,7.4,9.1,12.2,208.0,70.0,6,715/2007*2015/45W,0.00075,110.0,0.34,2375.0,0.0,0.0,0.0,0.0,0,EURO 6,VOLKSWAGEN,KOMBI,20250816,20170808.0,32465.0,Multi-Purpose Vehicle,9.0,White,4.0,1984.0,2180.0,3000.0,2280.0,750.0,2500.0,20170808.0,20170808.0,63683.0,Yes,4.0,490.0,190.0,3000.0,7HC,No installation,GCJKB300X0,NNFM6501116NVR27MMG03L63291,0.0,0.05,300.0,No,No,5200.0,0.0,0.0,2024.0,Logical,00,Yes,F,1,62,Taxi - see approval document.,1970-01-01 00:00:00.020230816,1627,205,2023-08-16 16:27:00,Tire insufficient profile,Suspension and Wheels
PN222X,1,CNG,7.4,9.1,12.2,208.0,70.0,6,715/2007*2015/45W,0.00075,110.0,0.34,2375.0,0.0,0.0,0.0,0.0,0,EURO 6 W,VOLKSWAGEN,KOMBI,20250809,20220323.0,32465.0,Multi-Purpose Vehicle,9.0,White,4.0,1984.0,2140.0,3000.0,2240.0,750.0,2500.0,20170809.0,20170809.0,63574.0,Yes,4.0,490.0,190.0,3000.0,7HC,No installation,GCJKB300X0,NNFM6501116NVR27MMG03L63291,0.0,0.05,300.0,No,No,5200.0,0.0,0.0,2024.0,Logical,00,Yes,F,1,62,Taxi - see approval document.,1970-01-01 00:00:00.020220725,1044,516,2022-07-25 10:44:00,Low beam incorrectly adjusted,Lighting System
PN244G,1,Gasoline,7.4,9.1,12.2,208.0,70.0,6,715/2007*2015/45W,0.00075,110.0,0.34,2375.0,0.0,0.0,0.0,0.0,0,EURO 6 W,VOLKSWAGEN,KOMBI,20250823,20180822.0,32465.0,Multi-Purpose Vehicle,9.0,White,4.0,1984.0,2182.0,3000.0,2282.0,750.0,2500.0,20170811.0,20170811.0,63574.0,Yes,4.0,490.0,190.0,3000.0,7HC,No installation,GCJKB300X0,NNFM6501116NVR27MMG03L63291,0.0,0.05,300.0,No,No,5200.0,0.0,0.0,2024.0,Logical,00,Yes,F,1,62,Taxi - see approval document.,1970-01-01 00:00:00.020220823,1623,205,2022-08-23 16:23:00,Tire insufficient profile,Suspension and Wheels
PN244G,2,CNG,7.4,9.1,12.2,208.0,70.0,6,715/2007*2015/45W,0.00075,110.0,0.34,2375.0,0.0,0.0,0.0,0.0,0,EURO 6,VOLKSWAGEN,KOMBI,20250823,20180822.0,32465.0,Multi-Purpose Vehicle,9.0,White,4.0,1984.0,2182.0,3000.0,2282.0,750.0,2500.0,20170811.0,20170811.0,63574.0,Yes,4.0,490.0,190.0,3000.0,7HC,No installation,GCJKB300X0,NNFM6501116NVR27MMG03L63291,0.0,0.05,300.0,No,No,5200.0,0.0,0.0,2024.0,Logical,00,Yes,F,1,62,Taxi - see approval document.,1970-01-01 00:00:00.020220823,1623,205,2022-08-23 16:23:00,Tire insufficient profile,Suspension and Wheels
PN245G,1,Gasoline,7.4,9.1,12.2,208.0,70.0,6,715/2007*2015/45W,0.00075,110.0,0.34,2375.0,0.0,0.0,0.0,0.0,0,EURO 6 W,VOLKSWAGEN,KOMBI,20250811,20180822.0,32465.0,Multi-Purpose Vehicle,9.0,White,4.0,1984.0,2244.0,3000.0,2344.0,750.0,2500.0,20170811.0,20170811.0,64542.0,Yes,4.0,530.0,190.0,3000.0,7HC,No installation,GCJKB300X0,LNFM6501116NVR27MMG03L63291,0.0,0.05,340.0,No,No,5200.0,0.0,0.0,2024.0,Logical,00,Yes,E,1,62,Taxi - see approval document.,1970-01-01 00:00:00.020230627,1549,205,2023-06-27 15:49:00,Tire insufficient profile,Suspension and Wheels
PN245G,2,CNG,7.4,9.1,12.2,208.0,70.0,6,715/2007*2015/45W,0.00075,110.0,0.34,2375.0,0.0,0.0,0.0,0.0,0,EURO 6,VOLKSWAGEN,KOMBI,20250811,20180822.0,32465.0,Multi-Purpose Vehicle,9.0,White,4.0,1984.0,2244.0,3000.0,2344.0,750.0,2500.0,20170811.0,20170811.0,64542.0,Yes,4.0,530.0,190.0,3000.0,7HC,No installation,GCJKB300X0,LNFM6501116NVR27MMG03L63291,0.0,0.05,340.0,No,No,5200.0,0.0,0.0,2024.0,Logical,00,Yes,E,1,62,Taxi - see approval document.,1970-01-01 00:00:00.020230627,1549,205,2023-06-27 15:49:00,Tire insufficient profile,Suspension and Wheels
PN887R,1,CNG,7.4,9.1,12.2,208.0,70.0,6,715/2007*2015/45W,0.00075,110.0,0.34,2375.0,0.0,0.0,0.0,0.0,0,EURO 6 W,VOLKSWAGEN,KOMBI,20250916,20230117.0,32465.0,Multi-Purpose Vehicle,9.0,White,4.0,1984.0,2218.0,3000.0,2318.0,750.0,2500.0,20171128.0,20171128.0,63683.0,Yes,4.0,490.0,190.0,3000.0,7HC,No installation,GCJKB300X0,NNFM6501116NVR27MMG03L63291,0.0,0.05,300.0,No,No,5200.0,0.0,0.0,2024.0,Logical,00,Yes,F,1,62,Taxi - see approval document.,1970-01-01 00:00:00.020221006,1122,210,2022-10-06 11:22:00,Tire pressure not at correct value,Suspension and Wheels
PN934Z,1,Gasoline,7.4,9.1,12.2,208.0,70.0,6,715/2007*2015/45W,0.00075,110.0,0.34,2375.0,0.0,0.0,0.0,0.0,0,EURO 6 W,VOLKSWAGEN,KOMBI,20250906,20220808.0,32465.0,Multi-Purpose Vehicle,9.0,White,4.0,1984.0,1964.0,3000.0,2064.0,750.0,2500.0,20170824.0,20170824.0,63574.0,Yes,4.0,490.0,190.0,3000.0,7HC,115R gas installation,GCJKB300X0,NNFM6501116NVR27MMG03L63291,UNK,0.05,300.0,No,No,5200.0,0.0,0.0,2024.0,Logical,00,Yes,F,1,62,Taxi - see approval document.,1970-01-01 00:00:00.020230906,1539,205,2023-09-06 15:39:00,Tire insufficient profile,Suspension and Wheels
PN934Z,2,LPG,5.5,9.1,7.0,208.0,70.0,6,715/2007*2015/45W,0.00075,110.0,0.34,2375.0,0.0,0.0,0.0,0.0,0,EURO 6 W,VOLKSWAGEN,KOMBI,20250906,20220808.0,32465.0,Multi-Purpose Vehicle,9.0,White,4.0,1984.0,1964.0,3000.0,2064.0,750.0,2500.0,20170824.0,20170824.0,63574.0,Yes,4.0,490.0,190.0,3000.0,7HC,115R gas installation,UNK,UNK,UNK,0.05,300.0,No,No,5200.0,0.0,0.0,2024.0,Logical,00,Yes,F,1,62,Taxi - see approval document.,1970-01-01 00:00:00.020230906,1539,205,2023-09-06 15:39:00,Tire insufficient profile,Suspension and Wheels
SG752L,1,Gasoline,7.4,9.1,12.2,208.0,70.0,6,715/2007*2015/45W,0.00075,110.0,0.34,2375.0,0.0,0.0,0.0,0.0,0,EURO 6 W,VOLKSWAGEN,KOMBI,20250515,20180515.0,33661.0,Multi-Purpose Vehicle,9.0,Gray,4.0,1984.0,2100.0,3000.0,2200.0,750.0,2500.0,20180515.0,20180515.0,67251.0,Yes,4.0,530.0,190.0,3000.0,7HC,No installation,GCJKB300X0,LNFM6501116NVR27MMG03L63291,0.0,0.05,340.0,No,No,5200.0,0.0,0.0,2024.0,Logical,00,Yes,E,1,62,Taxi - see approval document.,1970-01-01 00:00:00.000000000,0,0,2023-07-12 16:12:00,,
SG752L,2,CNG,7.4,9.1,12.2,208.0,70.0,6,715/2007*2015/45W,0.00075,110.0,0.34,2375.0,0.0,0.0,0.0,0.0,0,EURO 6,VOLKSWAGEN,KOMBI,20250515,20180515.0,33661.0,Multi-Purpose Vehicle,9.0,Gray,4.0,1984.0,2100.0,3000.0,2200.0,750.0,2500.0,20180515.0,20180515.0,67251.0,Yes,4.0,530.0,190.0,3000.0,7HC,No installation,GCJKB300X0,LNFM6501116NVR27MMG03L63291,0.0,0.05,340.0,No,No,5200.0,0.0,0.0,2024.0,Logical,00,Yes,E,1,62,Taxi - see approval document.,1970-01-01 00:00:00.000000000,0,0,2023-07-12 16:12:00,,
SK466Z,1,CNG,7.4,9.1,12.2,208.0,70.0,6,715/2007*2015/45W,0.00075,110.0,0.34,2375.0,0.0,0.0,0.0,0.0,0,EURO 6 W,VOLKSWAGEN,KOMBI,20250403,20180426.0,33661.0,Multi-Purpose Vehicle,9.0,White,4.0,1984.0,2205.0,3000.0,2305.0,750.0,2500.0,20180426.0,20180426.0,66216.0,Yes,4.0,530.0,190.0,3000.0,7HC,No installation,GCJKB300X0,LNFM6501116NVR27MMG03L63291,0.0,0.05,340.0,No,No,5200.0,0.0,0.0,2024.0,Logical,00,Yes,E,1,62,Taxi - see approval document.,1970-01-01 00:00:00.020230403,1057,210,2023-04-03 10:57:00,Tire pressure not at correct value,Suspension and Wheels
SN249R,1,Gasoline,7.4,9.1,12.2,208.0,70.0,6,715/2007*2015/45W,0.00075,110.0,0.34,2375.0,0.0,0.0,0.0,0.0,0,EURO 6 W,VOLKSWAGEN,KOMBI,20250515,20180515.0,33661.0,Multi-Purpose Vehicle,7.0,White,4.0,1984.0,2039.0,3000.0,2139.0,750.0,2500.0,20180515.0,20180515.0,66216.0,Yes,4.0,530.0,190.0,3000.0,7HC,115R gas installation,GCJKB300X0,NNFM6501116NVR27MMG03L63291,UNK,0.05,340.0,No,No,5200.0,0.0,0.0,2024.0,Logical,00,Yes,E,1,62,Taxi - see approval document.,1970-01-01 00:00:00.020220425,1117,203,2022-04-25 11:17:00,Tire damaged,Suspension and Wheels
SN249R,2,LPG,5.5,9.1,7.0,208.0,70.0,6,715/2007*2015/45W,0.00075,110.0,0.34,2375.0,0.0,0.0,0.0,0.0,0,EURO 6 W,VOLKSWAGEN,KOMBI,20250515,20180515.0,33661.0,Multi-Purpose Vehicle,7.0,White,4.0,1984.0,2039.0,3000.0,2139.0,750.0,2500.0,20180515.0,20180515.0,66216.0,Yes,4.0,530.0,190.0,3000.0,7HC,115R gas installation,UNK,UNK,UNK,0.05,340.0,No,No,5200.0,0.0,0.0,2024.0,Logical,00,Yes,E,1,62,Taxi - see approval document.,1970-01-01 00:00:00.020220425,1117,203,2022-04-25 11:17:00,Tire damaged,Suspension and Wheels
TB326N,1,Gasoline,7.4,9.1,12.2,208.0,70.0,6,715/2007*2015/45W,0.00075,110.0,0.34,2375.0,0.0,0.0,0.0,0.0,0,EURO 6 W,VOLKSWAGEN,KOMBI,20250223,20240320.0,33661.0,Multi-Purpose Vehicle,9.0,White,4.0,1984.0,2150.0,3000.0,2250.0,750.0,2500.0,20180629.0,20180629.0,65914.0,Yes,4.0,530.0,190.0,3000.0,7HC,No installation,GCJKB300X0,LNFM6501116NVR27MMG03L63291,0.0,0.05,340.0,No,No,5200.0,0.0,0.0,2024.0,Logical,00,Yes,E,1,62,Taxi - see approval document.,1970-01-01 00:00:00.000000000,0,0,2023-07-12 16:12:00,,
TB326N,2,CNG,7.4,9.1,12.2,208.0,70.0,6,715/2007*2015/45W,0.00075,110.0,0.34,2375.0,0.0,0.0,0.0,0.0,0,EURO 6,VOLKSWAGEN,KOMBI,20250223,20240320.0,33661.0,Multi-Purpose Vehicle,9.0,White,4.0,1984.0,2150.0,3000.0,2250.0,750.0,2500.0,20180629.0,20180629.0,65914.0,Yes,4.0,530.0,190.0,3000.0,7HC,No installation,GCJKB300X0,LNFM6501116NVR27MMG03L63291,0.0,0.05,340.0,No,No,5200.0,0.0,0.0,2024.0,Logical,00,Yes,E,1,62,Taxi - see approval document.,1970-01-01 00:00:00.000000000,0,0,2023-07-12 16:12:00,,
TD549S,1,CNG,7.4,9.1,12.2,208.0,70.0,6,715/2007*2015/45W,0.00075,110.0,0.34,2375.0,0.0,0.0,0.0,0.0,0,EURO 6 W,VOLKSWAGEN,KOMBI,20250528,20190514.0,33661.0,Multi-Purpose Vehicle,9.0,White,4.0,1984.0,2143.0,3000.0,2243.0,750.0,2500.0,20180801.0,20180801.0,65454.0,Yes,4.0,490.0,190.0,3000.0,7HC,No installation,GCJKB300X0,NNFM6501116NVR27MMG03L63291,0.0,0.05,300.0,No,No,5200.0,0.0,0.0,2024.0,Logical,00,Yes,G,1,62,Taxi - see approval document.,1970-01-01 00:00:00.000000000,0,0,2023-07-12 16:12:00,,
TD844L,1,Gasoline,7.4,9.1,12.2,208.0,70.0,6,715/2007*2015/45W,0.00075,110.0,0.34,2375.0,0.0,0.0,0.0,0.0,0,EURO 6 W,VOLKSWAGEN,KOMBI,20250706,20180706.0,33661.0,Multi-Purpose Vehicle,9.0,White,4.0,1984.0,2260.0,3000.0,2360.0,750.0,2500.0,20180706.0,20180706.0,66156.0,Yes,4.0,530.0,190.0,3000.0,7HC,No installation,GCJKB300X0,LNFM6501116NVR27MMG03L63291,0.0,0.05,340.0,No,No,5200.0,0.0,0.0,2024.0,Logical,00,Yes,E,1,62,Taxi - see approval document.,1970-01-01 00:00:00.020230629,1045,AC1,2023-06-29 10:45:00,Tire(s) available with a tread depth of 1.6 to 2.5 mm,Suspension and Wheels
TD844L,2,CNG,7.4,9.1,12.2,208.0,70.0,6,715/2007*2015/45W,0.00075,110.0,0.34,2375.0,0.0,0.0,0.0,0.0,0,EURO 6,VOLKSWAGEN,KOMBI,20250706,20180706.0,33661.0,Multi-Purpose Vehicle,9.0,White,4.0,1984.0,2260.0,3000.0,2360.0,750.0,2500.0,20180706.0,20180706.0,66156.0,Yes,4.0,530.0,190.0,3000.0,7HC,No installation,GCJKB300X0,LNFM6501116NVR27MMG03L63291,0.0,0.05,340.0,No,No,5200.0,0.0,0.0,2024.0,Logical,00,Yes,E,1,62,Taxi - see approval document.,1970-01-01 00:00:00.020230629,1045,AC1,2023-06-29 10:45:00,Tire(s) available with a tread depth of 1.6 to 2.5 mm,Suspension and Wheels
TD845L,1,Gasoline,7.4,9.1,12.2,208.0,70.0,6,715/2007*2015/45W,0.00075,110.0,0.34,2375.0,0.0,0.0,0.0,0.0,0,EURO 6 W,VOLKSWAGEN,KOMBI,20250706,20230617.0,33661.0,Multi-Purpose Vehicle,9.0,White,4.0,1984.0,2143.0,3000.0,2243.0,750.0,2500.0,20180706.0,20180706.0,66156.0,Yes,4.0,530.0,190.0,3000.0,7HC,115R gas installation,GCJKB300X0,NNFM6501116NVR27MMG03L63291,UNK,0.05,340.0,No,No,5200.0,0.0,0.0,2024.0,Logical,00,Yes,E,1,62,Taxi - see approval document.,1970-01-01 00:00:00.020220624,1552,516,2022-06-24 15:52:00,Low beam incorrectly adjusted,Lighting System
TD856L,1,Gasoline,7.4,9.1,12.2,208.0,70.0,6,715/2007*2015/45W,0.00075,110.0,0.34,2375.0,0.0,0.0,0.0,0.0,0,EURO 6 W,VOLKSWAGEN,KOMBI,20250412,20180706.0,33661.0,Multi-Purpose Vehicle,9.0,White,4.0,1984.0,2250.0,3000.0,2350.0,750.0,2500.0,20180706.0,20180706.0,65914.0,Yes,4.0,530.0,190.0,3000.0,7HC,No installation,GCJKB300X0,LNFM6501116NVR27MMG03L63291,0.0,0.05,340.0,No,No,5200.0,0.0,0.0,2024.0,Logical,00,Yes,E,1,62,Taxi - see approval document.,1970-01-01 00:00:00.020230412,1121,205,2023-04-12 11:21:00,Tire insufficient profile,Suspension and Wheels
TD856L,2,CNG,7.4,9.1,12.2,208.0,70.0,6,715/2007*2015/45W,0.00075,110.0,0.34,2375.0,0.0,0.0,0.0,0.0,0,EURO 6,VOLKSWAGEN,KOMBI,20250412,20180706.0,33661.0,Multi-Purpose Vehicle,9.0,White,4.0,1984.0,2250.0,3000.0,2350.0,750.0,2500.0,20180706.0,20180706.0,65914.0,Yes,4.0,530.0,190.0,3000.0,7HC,No installation,GCJKB300X0,LNFM6501116NVR27MMG03L63291,0.0,0.05,340.0,No,No,5200.0,0.0,0.0,2024.0,Logical,00,Yes,E,1,62,Taxi - see approval document.,1970-01-01 00:00:00.020230412,1121,205,2023-04-12 11:21:00,Tire insufficient profile,Suspension and Wheels
TD865L,2,CNG,7.4,9.1,12.2,208.0,70.0,6,715/2007*2015/45W,0.00075,110.0,0.34,2375.0,0.0,0.0,0.0,0.0,0,EURO 6 W,VOLKSWAGEN,KOMBI,20251209,20180706.0,33661.0,Multi-Purpose Vehicle,9.0,White,4.0,1984.0,2150.0,3000.0,2250.0,750.0,2500.0,20180706.0,20180706.0,65914.0,Yes,4.0,530.0,190.0,3000.0,7HC,No installation,GCJKB300X0,LNFM6501116NVR27MMG03L63291,0.0,0.05,340.0,No,No,5200.0,0.0,0.0,2024.0,Logical,00,Yes,E,1,62,Taxi - see approval document.,1970-01-01 00:00:00.020220302,1433,210,2022-03-02 14:33:00,Tire pressure not at correct value,Suspension and Wheels
TD866L,1,Gasoline,7.4,9.1,12.2,208.0,70.0,6,715/2007*2015/45W,0.00075,110.0,0.34,2375.0,0.0,0.0,0.0,0.0,0,EURO 6 W,VOLKSWAGEN,KOMBI,20250516,20180706.0,33661.0,Multi-Purpose Vehicle,9.0,White,4.0,1984.0,2067.0,3000.0,2167.0,750.0,2500.0,20180706.0,20180706.0,65914.0,Yes,4.0,530.0,190.0,3000.0,7HC,No installation,GCJKB300X0,NNFM6501116NVR27MMG03L63291,UNK,0.05,340.0,No,No,5200.0,0.0,0.0,2024.0,Logical,00,Yes,E,1,62,Taxi - see approval document.,1970-01-01 00:00:00.020230503,1134,205,2023-05-03 11:34:00,Tire insufficient profile,Suspension and Wheels
TF203X,1,Gasoline,7.4,9.1,12.2,208.0,70.0,6,715/2007*2015/45W,0.00075,110.0,0.34,2375.0,0.0,0.0,0.0,0.0,0,EURO 6 W,VOLKSWAGEN,KOMBI,20241223,20180720.0,33661.0,Multi-Purpose Vehicle,9.0,White,4.0,1984.0,1824.0,3000.0,1924.0,750.0,2500.0,20180720.0,20180720.0,65914.0,Yes,4.0,530.0,190.0,3000.0,7HC,No installation,GCJKB300X0,NNFM6501116NVR27MMG03L63291,UNK,0.06,340.0,No,No,5200.0,0.0,0.0,2024.0,Logical,00,Yes,E,1,62,Taxi - see approval document.,1970-01-01 00:00:00.020231023,1311,210,2023-10-23 13:11:00,Tire pressure not at correct value,Suspension and Wheels
TH634B,1,CNG,7.4,9.1,12.2,208.0,70.0,6,715/2007*2015/45W,0.00075,110.0,0.34,2375.0,0.0,0.0,0.0,0.0,0,EURO 6 W,VOLKSWAGEN,KOMBI,20250811,20180809.0,33661.0,Multi-Purpose Vehicle,9.0,White,4.0,1984.0,2204.0,3000.0,2304.0,750.0,2500.0,20180809.0,20180809.0,66422.0,Yes,4.0,530.0,190.0,3000.0,7HC,No installation,GCJKB300X0,LNFM6501116NVR27MMG03L63291,0.0,0.05,340.0,No,No,5200.0,0.0,0.0,2024.0,Logical,00,Yes,E,1,62,Taxi - see approval document.,1970-01-01 00:00:00.020230629,1151,542,2023-06-29 11:51:00,Retroreflector is defective,Lighting System
TH675R,1,Gasoline,7.4,9.1,12.2,208.0,70.0,6,715/2007*2015/45W,0.00075,110.0,0.34,2375.0,0.0,0.0,0.0,0.0,0,EURO 6 W,VOLKSWAGEN,KOMBI,20250430,20180803.0,33661.0,Multi-Purpose Vehicle,9.0,White,4.0,1984.0,2360.0,3000.0,2460.0,750.0,2500.0,20180803.0,20180803.0,66156.0,Yes,4.0,530.0,190.0,3000.0,7HC,No installation,GCJKB300X0,LNFM6501116NVR27MMG03L63291,0.0,0.04,340.0,No,No,5200.0,0.0,0.0,2024.0,Logical,00,Yes,E,1,62,Taxi - see approval document.,1970-01-01 00:00:00.020220422,1529,OP2,2022-04-22 15:29:00,Checking all fuels not possible 5.*.9,Other
TH675R,2,CNG,7.4,9.1,12.2,208.0,70.0,6,715/2007*2015/45W,0.00075,110.0,0.34,2375.0,0.0,0.0,0.0,0.0,0,EURO 6,VOLKSWAGEN,KOMBI,20250430,20180803.0,33661.0,Multi-Purpose Vehicle,9.0,White,4.0,1984.0,2360.0,3000.0,2460.0,750.0,2500.0,20180803.0,20180803.0,66156.0,Yes,4.0,530.0,190.0,3000.0,7HC,No installation,GCJKB300X0,LNFM6501116NVR27MMG03L63291,0.0,0.04,340.0,No,No,5200.0,0.0,0.0,2024.0,Logical,00,Yes,E,1,62,Taxi - see approval document.,1970-01-01 00:00:00.020220422,1529,OP2,2022-04-22 15:29:00,Checking all fuels not possible 5.*.9,Other
XR702N,1,Diesel,5.8,6.9,8.7,179.0,71.0,6,715/2007*2017/1347BG,0.0008,75.0,0.5,2375.0,0.0,0.0,0.0,0.0,0,EURO 6 BG,VOLKSWAGEN,KOMBI,20250815,20190320.0,31662.0,Multi-Purpose Vehicle,9.0,White,4.0,1968.0,1759.0,3000.0,1859.0,750.0,2200.0,20190320.0,20190320.0,64314.0,Yes,4.0,530.0,190.0,3000.0,7HC,No installation,GCXGB300X0,LNFM52Z1116NVR27CSL2B91A,0.0,0.04,340.0,No,No,4900.0,0.0,0.0,2024.0,Illogical,04,Yes,B,1,62,Taxi - see approval document.,1970-01-01 00:00:00.020220309,940,178,2022-03-09 09:40:00,Drive shaft dust cover damaged and not sealing,Steering System
XS847S,1,Diesel,5.8,6.7,8.4,175.0,71.0,6,715/2007*2017/1347BG,0.0008,75.0,0.5,2375.0,0.0,0.0,0.0,0.0,0,EURO 6 BG,VOLKSWAGEN,KOMBI,20250322,20190322.0,29593.0,Multi-Purpose Vehicle,9.0,White,4.0,1968.0,1738.0,3000.0,1838.0,750.0,2200.0,20190322.0,20190322.0,61483.0,Yes,4.0,490.0,190.0,3000.0,7HC,No installation,GCXGB300X0,NNFM52Z1116NVR27CSL2B91A,0.0,0.04,300.0,No,No,4900.0,0.0,0.0,2024.0,Logical,00,Yes,B,1,62,Taxi - see approval document.,1970-01-01 00:00:00.000000000,0,0,2023-07-12 16:12:00,,
XS849S,1,Diesel,6.1,6.7,7.6,174.0,70.0,6,715/2007*2017/1347BG,0.0008,110.0,0.5,2375.0,0.0,0.0,0.0,0.0,0,EURO 6 BG,VOLKSWAGEN,KOMBI,20250322,20190322.0,29075.0,Multi-Purpose Vehicle,9.0,White,4.0,1968.0,1792.0,3000.0,1892.0,750.0,2500.0,20190322.0,20190322.0,65823.0,Yes,4.0,490.0,190.0,3000.0,7HC,No installation,GCXFA300X0,NNFD7BT0116NVR27CSL2B91A,0.0,0.06,300.0,No,No,5300.0,0.0,0.0,2024.0,Logical,00,Yes,B,1,62,Taxi - see approval document.,1970-01-01 00:00:00.020220125,1120,AC1,2022-01-25 11:20:00,Tire(s) available with a tread depth of 1.6 to 2.5 mm,Suspension and Wheels
XZ045Z,1,Diesel,5.8,6.7,8.4,175.0,71.0,6,715/2007*2017/1347BG,0.0008,75.0,0.5,2375.0,0.0,0.0,0.0,0.0,0,EURO 6 BG,VOLKSWAGEN,KOMBI,20250603,20230620.0,29593.0,Multi-Purpose Vehicle,9.0,White,4.0,1968.0,1741.0,3000.0,1841.0,750.0,2200.0,20190603.0,20190603.0,61392.0,Yes,4.0,490.0,190.0,3000.0,7HC,No installation,GCXGB300X0,NNFM52Z1116NVR27CSL2B91A,0.0,0.04,300.0,No,No,4900.0,0.0,0.0,2024.0,Logical,00,Yes,B,1,62,Taxi - see approval document.,1970-01-01 00:00:00.000000000,0,0,2023-07-12 16:12:00,,
XZ049Z,1,Diesel,5.8,6.7,8.4,175.0,71.0,6,715/2007*2017/1347BG,0.0008,75.0,0.5,2375.0,0.0,0.0,0.0,0.0,0,EURO 6 BG,VOLKSWAGEN,KOMBI,20250617,20230620.0,29593.0,Multi-Purpose Vehicle,9.0,White,4.0,1968.0,1743.0,3000.0,1843.0,750.0,2200.0,20190617.0,20190617.0,61392.0,Yes,4.0,490.0,190.0,3000.0,7HC,No installation,GCXGB300X0,NNFM52Z1116NVR27CSL2B91A,0.0,0.04,300.0,No,No,4900.0,0.0,0.0,2024.0,Logical,00,Yes,B,1,62,Taxi - see approval document.,1970-01-01 00:00:00.020220525,1632,286,2022-05-25 16:32:00,Parking brake movement options limited,Brake
ZS276R,1,Diesel,6.1,6.7,7.6,174.0,72.0,6,715/2007*2018/1832DG,0.00034,110.0,0.51,2812.0,0.0,0.0,0.0,0.0,0,EURO 6 DG,VOLKSWAGEN,KOMBI,20250827,20190807.0,29075.0,Multi-Purpose Vehicle,9.0,White,4.0,1968.0,1854.0,3000.0,1954.0,750.0,2500.0,20190807.0,20190807.0,67154.0,Yes,3.0,530.0,190.0,3000.0,7HC,No installation,GCXFA300X0,LNFD7BT0116NVR24BF2B91A,0.0,0.06,340.0,No,No,5300.0,0.0,0.0,2024.0,Logical,00,Yes,B,1,62,Taxi - see approval document.,1970-01-01 00:00:00.020220721,942,516,2022-07-21 09:42:00,Low beam incorrectly adjusted,Lighting System
TD845L,2,LPG,5.5,9.1,7.0,208.0,70.0,6,715/2007*2015/45W,0.00075,110.0,0.34,2375.0,0.0,0.0,0.0,0.0,0,EURO 6 W,VOLKSWAGEN,KOMBI,20250706,20230617.0,33661.0,Multi-Purpose Vehicle,9.0,White,4.0,1984.0,2143.0,3000.0,2243.0,750.0,2500.0,20180706.0,20180706.0,66156.0,Yes,4.0,530.0,190.0,3000.0,7HC,115R gas installation,UNK,UNK,UNK,0.05,340.0,No,No,5200.0,0.0,0.0,2024.0,Logical,00,Yes,E,1,62,Taxi - see approval document.,1970-01-01 00:00:00.020220624,1552,516,2022-06-24 15:52:00,Low beam incorrectly adjusted,Lighting System
GHP62L,1,Diesel,5.8,6.7,8.4,174.0,70.0,6,715/2007*2017/1347BG,0.00034,110.0,0.5,2375.0,0.0,0.0,0.0,0.0,0,EURO 6 BG,VOLKSWAGEN,KOMBI,20250610,20240813.0,6609.0,Multi-Purpose Vehicle,9.0,Yellow,4.0,1968.0,1854.0,3080.0,1954.0,750.0,2500.0,20190212.0,20240807.0,77402.0,Yes,4.0,530.0,190.0,3080.0,7HC,No installation,GCXFA308X0,LNFD7BT0116VVR27CSL2B91A,0.0,0.06,340.0,No,No,5300.0,0.0,0.0,2024.0,No Judgment,05,Yes,B,1,62,Taxi - see approval document.,1970-01-01 00:00:00.000000000,0,0,2023-07-12 16:12:00,,
PR403H,2,LPG,5.5,9.1,7.0,208.0,70.0,6,715/2007*2015/45W,0.00075,110.0,0.34,2375.0,0.0,0.0,0.0,0.0,0,EURO 6 W,VOLKSWAGEN,KOMBI,20250901,20241111.0,32465.0,Multi-Purpose Vehicle,9.0,White,4.0,1984.0,2007.0,3000.0,2107.0,750.0,2500.0,20170825.0,20170825.0,63574.0,No,4.0,490.0,190.0,3000.0,7HC,115R gas installation,UNK,UNK,UNK,0.05,300.0,No,No,5200.0,0.0,0.0,2024.0,Logical,00,Yes,F,1,62,Taxi - see approval document.,1970-01-01 00:00:00.020230803,1456,205,2023-08-03 14:56:00,Tire insufficient profile,Suspension and Wheels
7SKR79,1,Diesel,6.6,8.2,11.0,218.0,77.0,5,UNK,0.0016,125.0,0.51,3000.0,0.0,0.0,0.0,0.0,0,UNK,LANCIA,LANCIA PHEDRA,20250219,20240404.0,2819.0,Multi-Purpose Vehicle,7.0,Blue,4.0,2179.0,1793.0,2610.0,1893.0,750.0,1870.0,20100611.0,20140102.0,55495.0,Yes,4.0,475.0,0.0,2610.0,179,No installation,BXP11,4AL,0.0,0.07,282.0,No,No,4015.0,0.0,0.0,2024.0,Illogical,04,Yes,G,1,62,Taxi - see approval document.,1970-01-01 00:00:00.020240219,1551,AC5,2024-02-19 15:51:00,Mechanical parts of the braking system show wear,Brake
G041VS,1,Diesel,7.1,8.1,9.7,213.0,76.0,5,715/2007*195/2013J,2e-05,165.0,0.5,2550.0,0.0,0.0,0.0,0.0,0,EURO 5 J,TOYOTA,TOYOTA LAND CRUISER(150 SERIES),20241207,20191209.0,39154.0,Station wagon,5.0,Brown,4.0,2982.0,2085.0,2990.0,2185.0,750.0,3000.0,20150225.0,20191209.0,99329.0,Yes,4.0,478.0,189.0,2990.0,J15TM,No installation,UNK,UNK,UNK,0.08,279.0,No,No,5990.0,0.0,0.0,2023.0,No Judgment,05,Yes,UNK,1,61,Taxi - designed for the transport of a maximum of persons other than the driver.,1970-01-01 00:00:00.020211105,1541,391,2021-11-05 15:41:00,Windshield wiper system provides insufficient visibility,Windows and Visibility
